run_id,logger_seq,source_seq,source_stamp_ns,receipt_ros_ns,receipt_monotonic_ns,stamp_basis,source_clock,frame_id,source,validity,t_wall,t_elapsed_sec,stage,policy_class,ckpt_dir,meas_x_mm,meas_y_mm,meas_z_mm,meas_rx,meas_ry,meas_rz,meas_fx_N,meas_fy_N,meas_fz_N,cmd_x_mm,cmd_y_mm,cmd_z_mm,cmd_rx,cmd_ry,cmd_rz,cmd_fx_N,cmd_fy_N,cmd_fz_N,contact,cmd_safety_blocked,pose_receipt_monotonic_ns,force_receipt_monotonic_ns,pose_age_ns,force_age_ns,stale,measurement_semantics
E1_on_r02_20260917T181101_1789636261043181954_f2j16v9v,65,,,1789636261071674492,1750012370759,receipt_only_no_header,,,legacy_latest_snapshot_not_measurement,valid,1789636261.0716772,0.030744201000061366,APPROACH,FLOW,/home/eunseop/nrs_imitation/checkpoints/flow/polishing/single_cam/e1_force_observation_20260916/on/20260916_1531,445.0335388183594,394.4866943359375,220.03216552734375,-9.19795929803513e-05,-0.00013763098104391247,2.3561625480651855,-0.046202223747968674,-0.02511872909963131,-0.022115325555205345,445.0335388183594,394.4866943359375,220.03216552734375,-9.19795929803513e-05,-0.00013763098104391247,2.3561625480651855,0.0,0.0,0.0,False,False,1750007188720,1750007437614,5182039,4933145,,latest cached values; NOT independent sensor samples; includes service-response snapshots
E1_on_r02_20260917T181101_1789636261043181954_f2j16v9v,5793,,,1789636267217833347,1756158533342,receipt_only_no_header,,,legacy_latest_snapshot_not_measurement,valid,1789636267.2178402,6.176907064000034,TRACK,FLOW,/home/eunseop/nrs_imitation/checkpoints/flow/polishing/single_cam/e1_force_observation_20260916/on/20260916_1531,445.0487060546875,394.50140380859375,220.0561065673828,-0.00011209506919840351,-0.00016435259021818638,2.3561387062072754,0.08061612397432327,-0.27906158566474915,-0.02279183641076088,436.097412109375,392.0670166015625,167.74913024902344,0.05419784411787987,0.06241842359304428,2.4245493412017822,0.0,0.0,0.0,False,False,1755958959866,1755957414987,199573476,201118355,,latest cached values; NOT independent sensor samples; includes service-response snapshots
E1_on_r02_20260917T181101_1789636261043181954_f2j16v9v,5835,,,1789636267218091538,1756158788537,receipt_only_no_header,,,legacy_latest_snapshot_not_measurement,valid,1789636267.2180948,6.177161679000164,TRACK,FLOW,/home/eunseop/nrs_imitation/checkpoints/flow/polishing/single_cam/e1_force_observation_20260916/on/20260916_1531,445.0487060546875,394.50140380859375,220.0561065673828,-0.00011209506919840351,-0.00016435259021818638,2.3561387062072754,0.08061612397432327,-0.27906158566474915,-0.02279183641076088,445.0487060546875,394.50140380859375,220.0561065673828,-0.00011209506919840351,-0.00016435259021818638,2.3561387062072754,0.0,0.0,0.0,False,False,1755958959866,1755957414987,199828671,201373550,,latest cached values; NOT independent sensor samples; includes service-response snapshots
E1_on_r02_20260917T181101_1789636261043181954_f2j16v9v,6405,,,1789636267753217598,1756693916680,receipt_only_no_header,,,legacy_latest_snapshot_not_measurement,valid,1789636267.7532234,6.712290293000024,TRACK,FLOW,/home/eunseop/nrs_imitation/checkpoints/flow/polishing/single_cam/e1_force_observation_20260916/on/20260916_1531,445.0391540527344,394.4889221191406,220.04173278808594,-6.976340227993205e-05,-0.00018782381084747612,2.3561511039733887,-0.07600582391023636,0.7586485147476196,0.0365511029958725,449.01788330078125,375.76739501953125,166.32400512695312,0.07379866391420364,0.06371497362852097,2.41728138923645,0.0,0.0,0.0,False,False,1756692155510,1756692216155,1761170,1700525,,latest cached values; NOT independent sensor samples; includes service-response snapshots
E1_on_r02_20260917T181101_1789636261043181954_f2j16v9v,7372,,,1789636268919938714,1757860647816,receipt_only_no_header,,,legacy_latest_snapshot_not_measurement,valid,1789636268.9199564,7.879023612000083,TRACK,FLOW,/home/eunseop/nrs_imitation/checkpoints/flow/polishing/single_cam/e1_force_observation_20260916/on/20260916_1531,445.0504455566406,394.5041198730469,220.07327270507812,-0.0001281657605431974,-0.00025598445790819824,2.3561744689941406,0.5292530655860901,0.8720929622650146,0.05771432816982269,449.26513671875,375.5223083496094,166.31617736816406,0.07384253293275833,0.06376304477453232,2.417640209197998,0.0,0.0,0.0,False,False,1757770596725,1757769123713,90051091,91524103,,latest cached values; NOT independent sensor samples; includes service-response snapshots
E1_on_r02_20260917T181101_1789636261043181954_f2j16v9v,7918,,,1789636269415569110,1758356267521,receipt_only_no_header,,,legacy_latest_snapshot_not_measurement,valid,1789636269.4155743,8.374641113000052,TRACK,FLOW,/home/eunseop/nrs_imitation/checkpoints/flow/polishing/single_cam/e1_force_observation_20260916/on/20260916_1531,445.0320739746094,394.46600341796875,220.0078582763672,-0.0001141989414463751,-8.743643411435187e-05,2.3561625480651855,0.04688658192753792,-0.5133097171783447,0.25920379161834717,449.26513671875,375.5223083496094,166.31617736816406,0.07384253293275833,0.06376304477453232,2.417640209197998,0.0,0.0,0.0,False,False,1758353042205,1758351266317,3225316,5001204,,latest cached values; NOT independent sensor samples; includes service-response snapshots
E1_on_r02_20260917T181101_1789636261043181954_f2j16v9v,8041,,,1789636269625930167,1758566628588,receipt_only_no_header,,,legacy_latest_snapshot_not_measurement,valid,1789636269.6259353,8.585002331000169,TRACK,FLOW,/home/eunseop/nrs_imitation/checkpoints/flow/polishing/single_cam/e1_force_observation_20260916/on/20260916_1531,445.025390625,394.4672546386719,220.04165649414062,-5.925969162490219e-05,-0.0001279336865991354,2.3561272621154785,-0.25905248522758484,-0.40429142117500305,0.637205958366394,449.26513671875,375.5223083496094,166.31617736816406,0.07384253293275833,0.06376304477453232,2.417640209197998,0.0,0.0,0.0,False,False,1758563885560,1758563991311,2743028,2637277,,latest cached values; NOT independent sensor samples; includes service-response snapshots
E1_on_r02_20260917T181101_1789636261043181954_f2j16v9v,8173,,,1789636269719585133,1758660283464,receipt_only_no_header,,,legacy_latest_snapshot_not_measurement,valid,1789636269.71959,8.678656796000041,TRACK,FLOW,/home/eunseop/nrs_imitation/checkpoints/flow/polishing/single_cam/e1_force_observation_20260916/on/20260916_1531,445.0290832519531,394.4833679199219,220.0308837890625,-0.00010695168020902202,-0.00013500676141120493,2.3561747074127197,0.2319834679365158,0.12629778683185577,0.5191808342933655,449.26513671875,375.5223083496094,166.31617736816406,0.07384253293275833,0.06376304477453232,2.417640209197998,0.0,0.0,0.0,False,False,1758657336839,1758657388106,2946625,2895358,,latest cached values; NOT independent sensor samples; includes service-response snapshots
E1_on_r02_20260917T181101_1789636261043181954_f2j16v9v,8296,,,1789636269864275502,1758804973664,receipt_only_no_header,,,legacy_latest_snapshot_not_measurement,valid,1789636269.8642802,8.823347166000076,TRACK,FLOW,/home/eunseop/nrs_imitation/checkpoints/flow/polishing/single_cam/e1_force_observation_20260916/on/20260916_1531,445.04315185546875,394.4491882324219,220.03512573242188,-0.00013967708218842745,-0.00014469795860350132,2.356175184249878,-0.18426409363746643,0.20586998760700226,-0.15024372935295105,449.26513671875,375.5223083496094,166.31617736816406,0.07384253293275833,0.06376304477453232,2.417640209197998,0.0,0.0,0.0,False,False,1758804009048,1758802811029,964616,2162635,,latest cached values; NOT independent sensor samples; includes service-response snapshots
E1_on_r02_20260917T181101_1789636261043181954_f2j16v9v,8418,,,1789636270026828115,1758967529282,receipt_only_no_header,,,legacy_latest_snapshot_not_measurement,valid,1789636270.0268364,8.985903375000134,TRACK,FLOW,/home/eunseop/nrs_imitation/checkpoints/flow/polishing/single_cam/e1_force_observation_20260916/on/20260916_1531,445.04718017578125,394.4682312011719,220.0099334716797,-0.00013159072841517627,-9.85829028650187e-05,2.356199026107788,0.16017460823059082,-0.11538691818714142,0.04491842910647392,449.26513671875,375.5223083496094,166.31617736816406,0.07384253293275833,0.06376304477453232,2.417640209197998,0.0,0.0,0.0,False,False,1758964411160,1758964552870,3118122,2976412,,latest cached values; NOT independent sensor samples; includes service-response snapshots
E1_on_r02_20260917T181101_1789636261043181954_f2j16v9v,8579,,,1789636270130391171,1759071092548,receipt_only_no_header,,,legacy_latest_snapshot_not_measurement,valid,1789636270.1303997,9.089466550999987,TRACK,FLOW,/home/eunseop/nrs_imitation/checkpoints/flow/polishing/single_cam/e1_force_observation_20260916/on/20260916_1531,445.005859375,394.4708251953125,220.018310546875,-3.615824243752286e-05,-8.50697178975679e-05,2.35619854927063,0.1152253970503807,-0.09073366224765778,0.022193539887666702,449.26513671875,375.5223083496094,166.31617736816406,0.07384253293275833,0.06376304477453232,2.417640209197998,0.0,0.0,0.0,False,False,1759068211808,1759068280619,2880740,2811929,,latest cached values; NOT independent sensor samples; includes service-response snapshots
E1_on_r02_20260917T181101_1789636261043181954_f2j16v9v,8699,,,1789636270263719364,1759204418107,receipt_only_no_header,,,legacy_latest_snapshot_not_measurement,valid,1789636270.2637253,9.222792150000032,TRACK,FLOW,/home/eunseop/nrs_imitation/checkpoints/flow/polishing/single_cam/e1_force_observation_20260916/on/20260916_1531,445.03240966796875,394.47576904296875,220.02940368652344,-0.00010170001041842625,-0.00010506118997000158,2.3561387062072754,0.03518150746822357,0.015483901835978031,0.1859055757522583,449.26513671875,375.5223083496094,166.31617736816406,0.07384253293275833,0.06376304477453232,2.417640209197998,0.0,0.0,0.0,False,False,1759201958147,1759200781538,2459960,3636569,,latest cached values; NOT independent sensor samples; includes service-response snapshots
E1_on_r02_20260917T181101_1789636261043181954_f2j16v9v,8988,,,1789636270471622163,1759412320555,receipt_only_no_header,,,legacy_latest_snapshot_not_measurement,valid,1789636270.4716272,9.430694137000046,TRACK,FLOW,/home/eunseop/nrs_imitation/checkpoints/flow/polishing/single_cam/e1_force_observation_20260916/on/20260916_1531,445.0299072265625,394.45947265625,220.03355407714844,-0.0001017039394355379,-0.0001050589926308021,2.356174945831299,-0.04219355434179306,0.07274328172206879,0.3684718608856201,449.26513671875,375.5223083496094,166.31617736816406,0.07384253293275833,0.06376304477453232,2.417640209197998,0.0,0.0,0.0,False,False,1759405527371,1759405590170,6793184,6730385,,latest cached values; NOT independent sensor samples; includes service-response snapshots
E1_on_r02_20260917T181101_1789636261043181954_f2j16v9v,9065,,,1789636270536050997,1759476749299,receipt_only_no_header,,,legacy_latest_snapshot_not_measurement,valid,1789636270.536056,9.49512304100017,TRACK,FLOW,/home/eunseop/nrs_imitation/checkpoints/flow/polishing/single_cam/e1_force_observation_20260916/on/20260916_1531,445.0495910644531,394.47052001953125,220.06097412109375,-8.746838284423575e-05,-0.00020076768123544753,2.3561270236968994,0.04712928459048271,0.23432455956935883,0.09075405448675156,449.26513671875,375.5223083496094,166.31617736816406,0.07384253293275833,0.06376304477453232,2.417640209197998,0.0,0.0,0.0,False,False,1759474597084,1759472770609,2152215,3978690,,latest cached values; NOT independent sensor samples; includes service-response snapshots
E1_on_r02_20260917T181101_1789636261043181954_f2j16v9v,9161,,,1789636270703791550,1759644490072,receipt_only_no_header,,,legacy_latest_snapshot_not_measurement,valid,1789636270.703797,9.662863784000137,TRACK,FLOW,/home/eunseop/nrs_imitation/checkpoints/flow/polishing/single_cam/e1_force_observation_20260916/on/20260916_1531,445.0303649902344,394.4693603515625,220.01605224609375,-8.93539036042057e-05,-0.0001226577442139387,2.3561391830444336,0.051978301256895065,-0.043252117931842804,0.11838095635175705,449.26513671875,375.5223083496094,166.31617736816406,0.07384253293275833,0.06376304477453232,2.417640209197998,0.0,0.0,0.0,False,False,1759641966651,1759639779660,2523421,4710412,,latest cached values; NOT independent sensor samples; includes service-response snapshots
E1_on_r02_20260917T181101_1789636261043181954_f2j16v9v,9293,,,1789636270897108751,1759837807363,receipt_only_no_header,,,legacy_latest_snapshot_not_measurement,valid,1789636270.897114,9.856181126000138,TRACK,FLOW,/home/eunseop/nrs_imitation/checkpoints/flow/polishing/single_cam/e1_force_observation_20260916/on/20260916_1531,445.0038757324219,394.484130859375,219.9993896484375,-4.865354276262224e-05,-6.744643906131387e-05,2.356198787689209,0.05629176273941994,0.01353167463093996,0.0499042384326458,449.26513671875,375.5223083496094,166.31617736816406,0.07384253293275833,0.06376304477453232,2.417640209197998,0.0,0.0,0.0,False,False,1759835981299,1759836037566,1826064,1769797,,latest cached values; NOT independent sensor samples; includes service-response snapshots
E1_on_r02_20260917T181101_1789636261043181954_f2j16v9v,9576,,,1789636271129525808,1760070224550,receipt_only_no_header,,,legacy_latest_snapshot_not_measurement,valid,1789636271.1295314,10.0885982530001,TRACK,FLOW,/home/eunseop/nrs_imitation/checkpoints/flow/polishing/single_cam/e1_force_observation_20260916/on/20260916_1531,445.0175476074219,394.4872131347656,220.0294952392578,-8.935724326875061e-05,-0.00012265919940546155,2.356234550476074,-0.044958848506212234,0.012958766892552376,0.01954403892159462,449.26513671875,375.5223083496094,166.31617736816406,0.07384253293275833,0.06376304477453232,2.417640209197998,0.0,0.0,0.0,False,False,1760068338532,1760068393748,1886018,1830802,,latest cached values; NOT independent sensor samples; includes service-response snapshots
E1_on_r02_20260917T181101_1789636261043181954_f2j16v9v,9901,,,1789636271328585262,1760269283955,receipt_only_no_header,,,legacy_latest_snapshot_not_measurement,valid,1789636271.3285909,10.287657807000187,TRACK,FLOW,/home/eunseop/nrs_imitation/checkpoints/flow/polishing/single_cam/e1_force_observation_20260916/on/20260916_1531,445.0376281738281,394.4716491699219,220.02383422851562,-0.00010684662993298844,-0.000134406189317815,2.3561391830444336,-0.037109218537807465,0.37113359570503235,0.30539581179618835,448.3932800292969,375.98406982421875,166.5199432373047,0.07559499889612198,0.0655599907040596,2.4156858921051025,0.0,0.0,0.0,False,False,1760255131159,1760255221461,14152796,14062494,,latest cached values; NOT independent sensor samples; includes service-response snapshots
