synthetic_time_s,synthetic_processing,synthetic_measured_base_Fz_N,assumed_target_N,contact,gated_N,calculated_sent_N
0.008,False,0.0,0.0,False,0.0,0.0
0.016,False,0.0,0.0,False,0.0,0.0
0.024,False,0.0,0.0,False,0.0,0.0
0.032,False,0.0,0.0,False,0.0,0.0
0.04,False,0.0,0.0,False,0.0,0.0
0.048,False,0.0,0.0,False,0.0,0.0
0.056,False,0.0,0.0,False,0.0,0.0
0.064,False,0.0,0.0,False,0.0,0.0
0.07200000000000001,False,0.0,0.0,False,0.0,0.0
0.08,False,0.0,0.0,False,0.0,0.0
0.088,False,0.0,0.0,False,0.0,0.0
0.096,False,0.0,0.0,False,0.0,0.0
0.10400000000000001,False,0.0,0.0,False,0.0,0.0
0.112,False,0.0,0.0,False,0.0,0.0
0.12,False,0.0,0.0,False,0.0,0.0
0.128,False,0.0,0.0,False,0.0,0.0
0.136,False,0.0,0.0,False,0.0,0.0
0.14400000000000002,False,0.0,0.0,False,0.0,0.0
0.152,False,0.0,0.0,False,0.0,0.0
0.16,False,0.0,0.0,False,0.0,0.0
0.168,False,0.0,0.0,False,0.0,0.0
0.176,False,0.0,0.0,False,0.0,0.0
0.184,False,0.0,0.0,False,0.0,0.0
0.192,False,0.0,0.0,False,0.0,0.0
0.2,False,0.0,0.0,False,0.0,0.0
0.20800000000000002,False,0.0,0.0,False,0.0,0.0
0.216,False,0.0,0.0,False,0.0,0.0
0.224,False,0.0,0.0,False,0.0,0.0
0.232,False,0.0,0.0,False,0.0,0.0
0.24,False,0.0,0.0,False,0.0,0.0
0.248,False,0.0,0.0,False,0.0,0.0
0.256,False,0.0,0.0,False,0.0,0.0
0.264,False,0.0,0.0,False,0.0,0.0
0.272,False,0.0,0.0,False,0.0,0.0
0.28,False,0.0,0.0,False,0.0,0.0
0.28800000000000003,False,0.0,0.0,False,0.0,0.0
0.296,False,0.0,0.0,False,0.0,0.0
0.304,False,0.0,0.0,False,0.0,0.0
0.312,False,0.0,0.0,False,0.0,0.0
0.32,False,0.0,0.0,False,0.0,0.0
0.328,False,0.0,0.0,False,0.0,0.0
0.336,False,0.0,0.0,False,0.0,0.0
0.34400000000000003,False,0.0,0.0,False,0.0,0.0
0.352,False,0.0,0.0,False,0.0,0.0
0.36,False,0.0,0.0,False,0.0,0.0
0.368,False,0.0,0.0,False,0.0,0.0
0.376,False,0.0,0.0,False,0.0,0.0
0.384,False,0.0,0.0,False,0.0,0.0
0.392,False,0.0,0.0,False,0.0,0.0
0.4,True,0.0,23.0,False,0.0,0.0
0.40800000000000003,True,0.0,23.0,False,0.0,0.0
0.41600000000000004,True,0.0,23.0,False,0.0,0.0
0.424,True,0.0,23.0,False,0.0,0.0
0.432,True,0.0,23.0,False,0.0,0.0
0.44,True,0.0,23.0,False,0.0,0.0
0.448,True,0.0,23.0,False,0.0,0.0
0.456,True,0.0,23.0,False,0.0,0.0
0.464,True,0.0,23.0,False,0.0,0.0
0.47200000000000003,True,0.0,23.0,False,0.0,0.0
0.48,True,0.0,23.0,False,0.0,0.0
0.488,True,0.0,23.0,False,0.0,0.0
0.496,True,0.0,23.0,False,0.0,0.0
0.504,True,0.0,23.0,False,0.0,0.0
0.512,True,0.0,23.0,False,0.0,0.0
0.52,True,0.0,23.0,False,0.0,0.0
0.528,True,0.0,23.0,False,0.0,0.0
0.536,True,0.0,23.0,False,0.0,0.0
0.544,True,0.0,23.0,False,0.0,0.0
0.552,True,0.0,23.0,False,0.0,0.0
0.56,True,0.0,23.0,False,0.0,0.0
0.5680000000000001,True,0.0,23.0,False,0.0,0.0
0.5760000000000001,True,0.0,23.0,False,0.0,0.0
0.584,True,0.0,23.0,False,0.0,0.0
0.592,True,0.0,23.0,False,0.0,0.0
0.6,True,6.0,23.0,True,23.0,0.23999999999997357
0.608,True,6.0,23.0,True,23.0,0.47999999999997356
0.616,True,6.0,23.0,True,23.0,0.7199999999999471
0.624,True,6.0,23.0,True,23.0,0.9599999999999471
0.632,True,6.0,23.0,True,23.0,1.1999999999999207
0.64,True,6.0,23.0,True,23.0,1.4399999999999207
0.648,True,6.0,23.0,True,23.0,1.6799999999998942
0.656,True,6.0,23.0,True,23.0,1.9199999999998942
0.664,True,6.0,23.0,True,23.0,2.159999999999868
0.672,True,6.0,23.0,True,23.0,2.399999999999868
0.68,True,6.0,23.0,True,23.0,2.6399999999998416
0.6880000000000001,True,6.0,23.0,True,23.0,2.879999999999842
0.6960000000000001,True,6.0,23.0,True,23.0,3.1199999999998154
0.704,True,6.0,23.0,True,23.0,3.3599999999998156
0.712,True,6.0,23.0,True,23.0,3.599999999999789
0.72,True,6.0,23.0,True,23.0,3.8399999999997894
0.728,True,6.0,23.0,True,23.0,4.079999999999763
0.736,True,6.0,23.0,True,23.0,4.319999999999763
0.744,True,6.0,23.0,True,23.0,4.559999999999737
0.752,True,6.0,23.0,True,23.0,4.799999999999737
0.76,True,6.0,23.0,True,23.0,5.0399999999997105
0.768,True,6.0,23.0,True,23.0,5.279999999999711
0.776,True,6.0,23.0,True,23.0,5.519999999999684
0.784,True,6.0,23.0,True,23.0,5.7599999999996845
0.792,True,6.0,23.0,True,23.0,5.999999999999658
0.8,True,6.0,23.0,True,23.0,6.239999999999658
0.808,True,6.0,23.0,True,23.0,6.479999999999632
0.8160000000000001,True,6.0,23.0,True,23.0,6.719999999999632
0.8240000000000001,True,6.0,23.0,True,23.0,6.959999999999606
0.8320000000000001,True,6.0,23.0,True,23.0,7.199999999999606
0.84,True,6.0,23.0,True,23.0,7.439999999999579
0.848,True,6.0,23.0,True,23.0,7.67999999999958
0.856,True,6.0,23.0,True,23.0,7.919999999999553
0.864,True,6.0,23.0,True,23.0,8.159999999999553
0.872,True,6.0,23.0,True,23.0,8.399999999999526
0.88,True,6.0,23.0,True,23.0,8.639999999999526
0.888,True,6.0,23.0,True,23.0,8.8799999999995
0.896,True,6.0,23.0,True,23.0,9.1199999999995
0.904,True,6.0,23.0,True,23.0,9.359999999999474
0.912,True,6.0,23.0,True,23.0,9.599999999999474
0.92,True,6.0,23.0,True,23.0,9.839999999999447
0.928,True,6.0,23.0,True,23.0,10.079999999999448
0.936,True,6.0,23.0,True,23.0,10.319999999999421
0.9440000000000001,True,6.0,23.0,True,23.0,10.559999999999421
0.9520000000000001,True,6.0,23.0,True,23.0,10.799999999999395
0.96,True,6.0,23.0,True,23.0,11.039999999999395
0.968,True,6.0,23.0,True,23.0,11.279999999999369
0.976,True,6.0,23.0,True,23.0,11.519999999999342
0.984,True,6.0,23.0,True,23.0,11.759999999999343
0.992,True,6.0,23.0,True,23.0,11.999999999999343
1.0,True,0.0,23.0,False,0.0,11.75999999999937
1.008,True,0.0,23.0,False,0.0,11.519999999999396
1.016,True,0.0,23.0,False,0.0,11.279999999999395
1.024,True,0.0,23.0,False,0.0,11.039999999999395
1.032,True,0.0,23.0,False,0.0,10.799999999999422
1.04,True,0.0,23.0,False,0.0,10.559999999999448
1.048,True,0.0,23.0,False,0.0,10.319999999999448
1.056,True,0.0,23.0,False,0.0,10.079999999999448
1.064,True,0.0,23.0,False,0.0,9.839999999999474
1.072,True,0.0,23.0,False,0.0,9.5999999999995
1.08,True,0.0,23.0,False,0.0,9.3599999999995
1.088,True,0.0,23.0,False,0.0,9.1199999999995
1.096,True,0.0,23.0,False,0.0,8.879999999999526
1.104,True,0.0,23.0,False,0.0,8.639999999999553
1.112,True,0.0,23.0,False,0.0,8.399999999999553
1.12,True,0.0,23.0,False,0.0,8.159999999999553
1.1280000000000001,True,0.0,23.0,False,0.0,7.919999999999579
1.1360000000000001,True,0.0,23.0,False,0.0,7.679999999999605
1.1440000000000001,True,0.0,23.0,False,0.0,7.439999999999605
1.1520000000000001,True,0.0,23.0,False,0.0,7.199999999999605
1.16,True,0.0,23.0,False,0.0,6.959999999999631
1.168,True,0.0,23.0,False,0.0,6.719999999999658
1.176,True,0.0,23.0,False,0.0,6.479999999999658
1.184,True,0.0,23.0,False,0.0,6.239999999999684
1.192,True,0.0,23.0,False,0.0,5.999999999999684
1.2,True,6.0,23.0,True,23.0,6.239999999999657
1.208,True,6.0,23.0,True,23.0,6.479999999999658
1.216,True,6.0,23.0,True,23.0,6.719999999999631
1.224,True,6.0,23.0,True,23.0,6.959999999999631
1.232,True,6.0,23.0,True,23.0,7.199999999999605
1.24,True,6.0,23.0,True,23.0,7.439999999999605
1.248,True,6.0,23.0,True,23.0,7.679999999999579
1.256,True,6.0,23.0,True,23.0,7.919999999999579
1.264,True,6.0,23.0,True,23.0,8.159999999999553
1.272,True,6.0,23.0,True,23.0,8.399999999999553
1.28,True,6.0,23.0,True,23.0,8.639999999999526
1.288,True,6.0,23.0,True,23.0,8.879999999999526
1.296,True,6.0,23.0,True,23.0,9.1199999999995
1.304,True,6.0,23.0,True,23.0,9.3599999999995
1.312,True,6.0,23.0,True,23.0,9.599999999999474
1.32,True,6.0,23.0,True,23.0,9.839999999999474
1.328,True,6.0,23.0,True,23.0,10.079999999999448
1.336,True,6.0,23.0,True,23.0,10.319999999999448
1.344,True,6.0,23.0,True,23.0,10.559999999999421
1.352,True,6.0,23.0,True,23.0,10.799999999999422
1.36,True,6.0,23.0,True,23.0,11.039999999999395
1.368,True,6.0,23.0,True,23.0,11.279999999999395
1.3760000000000001,True,6.0,23.0,True,23.0,11.519999999999369
1.3840000000000001,True,6.0,23.0,True,23.0,11.75999999999937
1.3920000000000001,True,6.0,23.0,True,23.0,11.999999999999343
1.4000000000000001,True,6.0,23.0,True,23.0,12.239999999999343
1.408,True,6.0,23.0,True,23.0,12.479999999999317
1.416,True,6.0,23.0,True,23.0,12.719999999999317
1.424,True,6.0,23.0,True,23.0,12.95999999999929
1.432,True,6.0,23.0,True,23.0,13.19999999999929
1.44,True,6.0,23.0,True,23.0,13.439999999999264
1.448,True,6.0,23.0,True,23.0,13.679999999999264
1.456,True,6.0,23.0,True,23.0,13.919999999999238
1.464,True,6.0,23.0,True,23.0,14.159999999999238
1.472,True,6.0,23.0,True,23.0,14.399999999999212
1.48,True,6.0,23.0,True,23.0,14.639999999999212
1.488,True,6.0,23.0,True,23.0,14.879999999999185
1.496,True,6.0,23.0,True,23.0,15.119999999999186
1.504,True,6.0,23.0,True,23.0,15.35999999999916
1.512,True,6.0,23.0,True,23.0,15.59999999999916
1.52,True,6.0,23.0,True,23.0,15.839999999999133
1.528,True,6.0,23.0,True,23.0,16.07999999999913
1.536,True,6.0,23.0,True,23.0,16.319999999999105
1.544,True,6.0,23.0,True,23.0,16.559999999999103
1.552,True,6.0,23.0,True,23.0,16.799999999999077
1.56,True,6.0,23.0,True,23.0,17.039999999999075
1.568,True,6.0,23.0,True,23.0,17.27999999999905
1.576,True,6.0,23.0,True,23.0,17.519999999999047
1.584,True,6.0,23.0,True,23.0,17.75999999999902
1.592,True,6.0,23.0,True,23.0,17.99999999999902
1.6,True,6.0,23.0,True,23.0,18.239999999998993
1.608,True,6.0,23.0,True,23.0,18.47999999999899
1.616,True,6.0,23.0,True,23.0,18.719999999998965
1.624,True,6.0,23.0,True,23.0,18.959999999998963
1.6320000000000001,True,6.0,23.0,True,23.0,19.199999999998937
1.6400000000000001,True,6.0,23.0,True,23.0,19.439999999998935
1.6480000000000001,True,6.0,23.0,True,23.0,19.67999999999891
1.6560000000000001,True,6.0,23.0,True,23.0,19.919999999998907
1.6640000000000001,True,6.0,23.0,True,23.0,20.15999999999888
1.672,True,6.0,23.0,True,23.0,20.39999999999888
1.68,True,6.0,23.0,True,23.0,20.639999999998853
1.688,True,6.0,23.0,True,23.0,20.87999999999885
1.696,True,6.0,23.0,True,23.0,21.119999999998825
1.704,True,6.0,23.0,True,23.0,21.345599999998967
1.712,True,6.0,23.0,True,23.0,21.54412799999907
1.72,True,6.0,23.0,True,23.0,21.71883263999918
1.728,True,6.0,23.0,True,23.0,21.872572723199262
1.736,True,6.0,23.0,True,23.0,22.007863996415352
1.744,True,6.0,23.0,True,23.0,22.126920316845496
1.752,True,6.0,23.0,True,23.0,22.231689878824035
1.76,True,6.0,23.0,True,23.0,22.32388709336514
1.768,True,6.0,23.0,True,23.0,22.405020642161325
1.776,True,6.0,23.0,True,23.0,22.476418165101958
1.784,True,6.0,23.0,True,23.0,22.539247985289723
1.792,True,6.0,23.0,True,23.0,22.59453822705495
1.8,True,6.0,23.0,True,23.0,22.643193639808356
1.808,True,6.0,23.0,True,23.0,22.68601040303135
1.816,True,6.0,23.0,True,23.0,22.72368915466759
1.824,True,6.0,23.0,True,23.0,22.756846456107475
1.832,True,6.0,23.0,True,23.0,22.786024881374576
1.84,True,6.0,23.0,True,23.0,22.811701895609623
1.848,True,6.0,23.0,True,23.0,22.834297668136468
1.856,True,6.0,23.0,True,23.0,22.85418194796009
1.864,True,6.0,23.0,True,23.0,22.871680114204878
1.872,True,6.0,23.0,True,23.0,22.88707850050029
1.8800000000000001,True,6.0,23.0,True,23.0,22.900629080440257
1.8880000000000001,True,6.0,23.0,True,23.0,22.912553590787425
1.8960000000000001,True,6.0,23.0,True,23.0,22.923047159892935
1.9040000000000001,True,6.0,23.0,True,23.0,22.93228150070578
1.9120000000000001,True,6.0,23.0,True,23.0,22.94040772062109
1.92,True,6.0,23.0,True,23.0,22.947558794146556
1.928,True,6.0,23.0,True,23.0,22.953851738848968
1.936,True,6.0,23.0,True,23.0,22.959389530187092
1.944,True,6.0,23.0,True,23.0,22.96426278656464
1.952,True,6.0,23.0,True,23.0,22.968551252176884
1.96,True,6.0,23.0,True,23.0,22.972325101915658
1.968,True,6.0,23.0,True,23.0,22.975646089685778
1.976,True,6.0,23.0,True,23.0,22.978568558923484
1.984,True,6.0,23.0,True,23.0,22.981140331852668
1.992,True,6.0,23.0,True,23.0,22.983403492030348
2.0,True,6.0,23.0,True,23.0,22.985395072986705
2.008,True,6.0,23.0,True,23.0,22.9871476642283
2.016,True,6.0,23.0,True,23.0,22.988689944520903
2.024,True,6.0,23.0,True,23.0,22.990047151178395
2.032,True,6.0,23.0,True,23.0,22.991241493036988
2.04,True,6.0,23.0,True,23.0,22.99229251387255
2.048,True,6.0,23.0,True,23.0,22.993217412207844
2.056,True,6.0,23.0,True,23.0,22.994031322742902
2.064,True,6.0,23.0,True,23.0,22.994747564013753
2.072,True,6.0,23.0,True,23.0,22.9953778563321
2.08,True,6.0,23.0,True,23.0,22.99593251357225
2.088,True,6.0,23.0,True,23.0,22.99642061194358
2.096,True,6.0,23.0,True,23.0,22.99685013851035
2.104,True,6.0,23.0,True,23.0,22.99722812188911
2.112,True,6.0,23.0,True,23.0,22.997560747262416
2.12,True,6.0,23.0,True,23.0,22.997853457590924
2.128,True,6.0,23.0,True,23.0,22.998111042680012
2.136,True,6.0,23.0,True,23.0,22.99833771755841
2.144,True,6.0,23.0,True,23.0,22.9985371914514
2.152,True,6.0,23.0,True,23.0,22.998712728477233
2.16,True,6.0,23.0,True,23.0,22.998867201059966
2.168,True,6.0,23.0,True,23.0,22.99900313693277
2.176,True,6.0,23.0,True,23.0,22.99912276050084
2.184,True,6.0,23.0,True,23.0,22.99922802924074
2.192,True,6.0,23.0,True,23.0,22.99932066573185
2.2,True,6.0,23.0,True,23.0,22.99940218584403
2.208,True,6.0,23.0,True,23.0,22.999473923542745
2.216,True,6.0,23.0,True,23.0,22.999537052717614
2.224,True,6.0,23.0,True,23.0,22.9995926063915
2.232,True,6.0,23.0,True,23.0,22.99964149362452
2.24,True,6.0,23.0,True,23.0,22.99968451438958
2.248,True,6.0,23.0,True,23.0,22.99972237266283
2.2560000000000002,True,6.0,23.0,True,23.0,22.999755687943292
2.2640000000000002,True,6.0,23.0,True,23.0,22.9997850053901
2.2720000000000002,True,6.0,23.0,True,23.0,22.999810804743287
2.2800000000000002,True,6.0,23.0,True,23.0,22.999833508174092
2.2880000000000003,True,6.0,23.0,True,23.0,22.9998534871932
2.2960000000000003,True,6.0,23.0,True,23.0,22.999871068730016
2.3040000000000003,True,6.0,23.0,True,23.0,22.999886540482414
2.312,True,6.0,23.0,True,23.0,22.999900155624523
2.32,True,6.0,23.0,True,23.0,22.99991213694958
2.328,True,6.0,23.0,True,23.0,22.99992268051563
2.336,True,6.0,23.0,True,23.0,22.999931958853754
2.344,True,6.0,23.0,True,23.0,22.999940123791305
2.352,True,6.0,23.0,True,23.0,22.99994730893635
2.36,True,6.0,23.0,True,23.0,22.99995363186399
2.368,True,6.0,23.0,True,23.0,22.999959196040308
2.376,True,6.0,23.0,True,23.0,22.99996409251547
2.384,True,6.0,23.0,True,23.0,22.999968401413614
2.392,True,6.0,23.0,True,23.0,22.99997219324398
2.4,True,6.0,23.0,True,23.0,22.9999755300547
2.408,True,6.0,23.0,True,23.0,22.999978466448137
2.416,True,6.0,23.0,True,23.0,22.99998105047436
2.424,True,6.0,23.0,True,23.0,22.99998332441744
2.432,True,6.0,23.0,True,23.0,22.999985325487348
2.44,True,6.0,23.0,True,23.0,22.999987086428867
2.448,True,6.0,23.0,True,23.0,22.999988636057402
2.456,True,6.0,23.0,True,23.0,22.999989999730513
2.464,True,6.0,23.0,True,23.0,22.999991199762853
2.472,True,6.0,23.0,True,23.0,22.999992255791312
2.48,True,6.0,23.0,True,23.0,22.999993185096354
2.488,True,6.0,23.0,True,23.0,22.99999400288479
2.496,True,6.0,23.0,True,23.0,22.999994722538617
2.504,True,6.0,23.0,True,23.0,22.99999535583398
2.512,True,6.0,23.0,True,23.0,22.999995913133905
2.52,True,6.0,23.0,True,23.0,22.999996403557837
2.528,True,6.0,23.0,True,23.0,22.999996835130897
2.536,True,6.0,23.0,True,23.0,22.99999721491519
2.544,True,6.0,23.0,True,23.0,22.999997549125368
2.552,True,6.0,23.0,True,23.0,22.999997843230325
2.56,True,6.0,23.0,True,23.0,22.999998102042685
2.568,True,6.0,23.0,True,23.0,22.999998329797563
2.576,True,6.0,23.0,True,23.0,22.999998530221855
2.584,True,6.0,23.0,True,23.0,22.999998706595232
2.592,True,6.0,23.0,True,23.0,22.999998861803803
2.6,True,6.0,23.0,True,23.0,22.999998998387348
2.608,True,6.0,23.0,True,23.0,22.999999118580867
2.616,True,6.0,23.0,True,23.0,22.999999224351164
2.624,True,6.0,23.0,True,23.0,22.999999317429026
2.632,True,6.0,23.0,True,23.0,22.999999399337543
2.64,True,6.0,23.0,True,23.0,22.999999471417038
2.648,True,6.0,23.0,True,23.0,22.999999534846992
2.656,True,6.0,23.0,True,23.0,22.999999590665354
2.664,True,6.0,23.0,True,23.0,22.99999963978551
2.672,True,6.0,23.0,True,23.0,22.99999968301125
2.68,True,6.0,23.0,True,23.0,22.9999997210499
2.688,True,6.0,23.0,True,23.0,22.999999754523913
2.696,True,6.0,23.0,True,23.0,22.999999783981043
2.704,True,6.0,23.0,True,23.0,22.99999980990332
2.712,True,6.0,23.0,True,23.0,22.99999983271492
2.72,True,6.0,23.0,True,23.0,22.99999985278913
2.728,True,6.0,23.0,True,23.0,22.999999870454435
2.736,True,6.0,23.0,True,23.0,22.9999998859999
2.744,True,6.0,23.0,True,23.0,22.999999899679914
2.7520000000000002,True,6.0,23.0,True,23.0,22.999999911718323
2.7600000000000002,True,6.0,23.0,True,23.0,22.999999922312124
2.7680000000000002,True,6.0,23.0,True,23.0,22.99999993163467
2.7760000000000002,True,6.0,23.0,True,23.0,22.99999993983851
2.7840000000000003,True,6.0,23.0,True,23.0,22.999999947057887
2.7920000000000003,True,6.0,23.0,True,23.0,22.999999953410942
2.8000000000000003,False,6.0,0.0,True,0.0,22.759999953410944
2.8080000000000003,False,6.0,0.0,True,0.0,22.51999995341097
2.816,False,6.0,0.0,True,0.0,22.279999953410996
2.824,False,6.0,0.0,True,0.0,22.039999953410998
2.832,False,6.0,0.0,True,0.0,21.799999953411
2.84,False,6.0,0.0,True,0.0,21.559999953411026
2.848,False,6.0,0.0,True,0.0,21.319999953411052
2.856,False,6.0,0.0,True,0.0,21.079999953411054
2.864,False,6.0,0.0,True,0.0,20.839999953411056
2.872,False,6.0,0.0,True,0.0,20.599999953411082
2.88,False,6.0,0.0,True,0.0,20.35999995341111
2.888,False,6.0,0.0,True,0.0,20.11999995341111
2.896,False,6.0,0.0,True,0.0,19.87999995341111
2.904,False,6.0,0.0,True,0.0,19.639999953411138
2.912,False,6.0,0.0,True,0.0,19.399999953411164
2.92,False,6.0,0.0,True,0.0,19.159999953411166
2.928,False,6.0,0.0,True,0.0,18.919999953411168
2.936,False,6.0,0.0,True,0.0,18.679999953411194
2.944,False,6.0,0.0,True,0.0,18.43999995341122
2.952,False,6.0,0.0,True,0.0,18.199999953411222
2.96,False,6.0,0.0,True,0.0,17.959999953411224
2.968,False,6.0,0.0,True,0.0,17.71999995341125
2.976,False,6.0,0.0,True,0.0,17.479999953411276
2.984,False,6.0,0.0,True,0.0,17.239999953411278
2.992,False,6.0,0.0,True,0.0,16.99999995341128
3.0,False,0.0,0.0,False,0.0,16.759999953411306
3.008,False,0.0,0.0,False,0.0,16.519999953411332
3.016,False,0.0,0.0,False,0.0,16.279999953411334
3.024,False,0.0,0.0,False,0.0,16.039999953411336
3.032,False,0.0,0.0,False,0.0,15.799999953411362
3.04,False,0.0,0.0,False,0.0,15.559999953411388
3.048,False,0.0,0.0,False,0.0,15.319999953411388
3.056,False,0.0,0.0,False,0.0,15.079999953411388
3.064,False,0.0,0.0,False,0.0,14.839999953411414
3.072,False,0.0,0.0,False,0.0,14.59999995341144
3.08,False,0.0,0.0,False,0.0,14.35999995341144
3.088,False,0.0,0.0,False,0.0,14.11999995341144
3.096,False,0.0,0.0,False,0.0,13.879999953411467
3.104,False,0.0,0.0,False,0.0,13.639999953411493
3.112,False,0.0,0.0,False,0.0,13.399999953411493
3.12,False,0.0,0.0,False,0.0,13.159999953411493
3.128,False,0.0,0.0,False,0.0,12.91999995341152
3.136,False,0.0,0.0,False,0.0,12.679999953411546
3.144,False,0.0,0.0,False,0.0,12.439999953411546
3.152,False,0.0,0.0,False,0.0,12.199999953411545
3.16,False,0.0,0.0,False,0.0,11.959999953411572
3.168,False,0.0,0.0,False,0.0,11.719999953411598
3.176,False,0.0,0.0,False,0.0,11.479999953411598
3.184,False,0.0,0.0,False,0.0,11.239999953411598
3.192,False,0.0,0.0,False,0.0,10.999999953411624
3.2,False,0.0,0.0,False,0.0,10.75999995341165
3.208,False,0.0,0.0,False,0.0,10.51999995341165
3.216,False,0.0,0.0,False,0.0,10.27999995341165
3.224,False,0.0,0.0,False,0.0,10.039999953411677
3.232,False,0.0,0.0,False,0.0,9.799999953411703
3.24,False,0.0,0.0,False,0.0,9.559999953411703
3.248,False,0.0,0.0,False,0.0,9.319999953411703
3.2560000000000002,False,0.0,0.0,False,0.0,9.079999953411729
3.2640000000000002,False,0.0,0.0,False,0.0,8.839999953411755
3.2720000000000002,False,0.0,0.0,False,0.0,8.599999953411755
3.2800000000000002,False,0.0,0.0,False,0.0,8.359999953411755
3.2880000000000003,False,0.0,0.0,False,0.0,8.119999953411781
3.2960000000000003,False,0.0,0.0,False,0.0,7.879999953411808
3.3040000000000003,False,0.0,0.0,False,0.0,7.639999953411808
3.3120000000000003,False,0.0,0.0,False,0.0,7.3999999534118075
3.3200000000000003,False,0.0,0.0,False,0.0,7.159999953411834
3.3280000000000003,False,0.0,0.0,False,0.0,6.91999995341186
3.336,False,0.0,0.0,False,0.0,6.67999995341186
3.344,False,0.0,0.0,False,0.0,6.439999953411887
3.352,False,0.0,0.0,False,0.0,6.199999953411886
3.36,False,0.0,0.0,False,0.0,5.959999953411913
3.368,False,0.0,0.0,False,0.0,5.719999953411913
3.376,False,0.0,0.0,False,0.0,5.479999953411939
3.384,False,0.0,0.0,False,0.0,5.239999953411939
3.392,False,0.0,0.0,False,0.0,4.999999953411965
3.4,False,0.0,0.0,False,0.0,4.759999953411965
3.408,False,0.0,0.0,False,0.0,4.5199999534119915
3.416,False,0.0,0.0,False,0.0,4.279999953411991
3.424,False,0.0,0.0,False,0.0,4.039999953412018
3.432,False,0.0,0.0,False,0.0,3.7999999534120175
3.44,False,0.0,0.0,False,0.0,3.559999953412044
3.448,False,0.0,0.0,False,0.0,3.3199999534120437
3.456,False,0.0,0.0,False,0.0,3.07999995341207
3.464,False,0.0,0.0,False,0.0,2.83999995341207
3.472,False,0.0,0.0,False,0.0,2.5999999534120963
3.48,False,0.0,0.0,False,0.0,2.359999953412096
3.488,False,0.0,0.0,False,0.0,2.1199999534121226
3.496,False,0.0,0.0,False,0.0,1.8799999534121226
3.504,False,0.0,0.0,False,0.0,1.6543999590026928
3.512,False,0.0,0.0,False,0.0,1.4558719639223696
3.52,False,0.0,0.0,False,0.0,1.2811673282517044
3.528,False,0.0,0.0,False,0.0,1.1274272488614998
3.536,False,0.0,0.0,False,0.0,0.9921359789981348
3.544,False,0.0,0.0,False,0.0,0.8730796615183586
3.552,False,0.0,0.0,False,0.0,0.7683101021361671
3.56,False,0.0,0.0,False,0.0,0.6761128898798271
3.568,False,0.0,0.0,False,0.0,0.5949793430942568
3.576,False,0.0,0.0,False,0.0,0.523581821922946
3.584,False,0.0,0.0,False,0.0,0.4607520032921994
3.592,False,0.0,0.0,False,0.0,0.4054617628971355
3.6,False,0.0,0.0,False,0.0,0.3568063513494846
