episode_id,split_reconstructed,timesteps,duration_s,dt_min_s,dt_median_s,dt_max_s,strictly_increasing_time,source_index_identity,source_clock,record_hz,action_force_equals_source_filtered_ft,source_raw_ft_available,pose_correction_matches,relative_xy_matches,action_shape,frame,direction_label_deg,source_h5,source_group,sha256,current_E1_T_selected,success_label,reference_selected
episode_0,train,412,13.709892988204956,0.032618045806884766,0.033341169357299805,0.0339198112487793,True,True,subscriber_receive_time_unix,30.0,True,True,True,True,"(412, 9)",stain_relative_v1,90,/home/eunseop/nrs_imitation/datasets/polishing/single_cam/20260819_1618/merged_hdf5/hdf5_recorder_single_cam_20260819_1618.hdf5,ep_0028,2293567ac24881aa9d09bcb1e0a7c1ba45633893da2165a4cb87a4e43adc486b,False,not_inferred,False
episode_1,train,383,12.742876529693604,0.03187727928161621,0.03336334228515625,0.0350651741027832,True,True,subscriber_receive_time_unix,30.0,True,True,True,True,"(383, 9)",stain_relative_v1,90,/home/eunseop/nrs_imitation/datasets/polishing/single_cam/20260819_1618/merged_hdf5/hdf5_recorder_single_cam_20260819_1618.hdf5,ep_0004,d7d757ceb504dd5bbe03d77509af297be66334e9a91744399174311ee9fd19a4,False,not_inferred,False
episode_10,train,316,10.50745439529419,0.03272676467895508,0.03335833549499512,0.033855438232421875,True,True,subscriber_receive_time_unix,30.0,True,True,True,True,"(316, 9)",stain_relative_v1,90,/home/eunseop/nrs_imitation/datasets/polishing/single_cam/20260819_1618/merged_hdf5/hdf5_recorder_single_cam_20260819_1618.hdf5,ep_0032,c7bf7fb2af5024156d7a20e9ffa891fc6193b4f70b477990467e3a51669b1d89,False,not_inferred,False
episode_11,train,366,12.175544261932373,0.032773733139038086,0.033348798751831055,0.033963680267333984,True,True,subscriber_receive_time_unix,30.0,True,True,True,True,"(366, 9)",stain_relative_v1,90,/home/eunseop/nrs_imitation/datasets/polishing/single_cam/20260819_1618/merged_hdf5/hdf5_recorder_single_cam_20260819_1618.hdf5,ep_0016,efeece33e9e3daf1729f5f0ca9f0322cf2f618658bcc74745b49603ba2ca5b6c,False,not_inferred,False
episode_12,train,404,13.542941808700562,0.03280949592590332,0.0333559513092041,0.06666994094848633,True,True,subscriber_receive_time_unix,30.0,True,True,True,True,"(404, 9)",stain_relative_v1,90,/home/eunseop/nrs_imitation/datasets/polishing/single_cam/20260819_1618/merged_hdf5/hdf5_recorder_single_cam_20260819_1618.hdf5,ep_0001,98c21741ebc67f2313963c1a65f259ab680845c2a107416a6a12ade72b54a935,False,not_inferred,False
episode_13,train,396,13.176506519317627,0.0327763557434082,0.03336811065673828,0.03396487236022949,True,True,subscriber_receive_time_unix,30.0,True,True,True,True,"(396, 9)",stain_relative_v1,90,/home/eunseop/nrs_imitation/datasets/polishing/single_cam/20260819_1618/merged_hdf5/hdf5_recorder_single_cam_20260819_1618.hdf5,ep_0005,47a27c22314928625a2da853e2146a12db20b85a575076c8e1c8f62612b86802,False,not_inferred,False
episode_14,train,374,12.442258834838867,0.0325322151184082,0.033351898193359375,0.03413891792297363,True,True,subscriber_receive_time_unix,30.0,True,True,True,True,"(374, 9)",stain_relative_v1,90,/home/eunseop/nrs_imitation/datasets/polishing/single_cam/20260819_1618/merged_hdf5/hdf5_recorder_single_cam_20260819_1618.hdf5,ep_0021,d4a43ce812ac3ac46f06234e56db6c8aca7bd59d7132d17ac6965b08ca5d4dc6,False,not_inferred,False
episode_15,train,403,13.40949010848999,0.03262615203857422,0.033352017402648926,0.03409314155578613,True,True,subscriber_receive_time_unix,30.0,True,True,True,True,"(403, 9)",stain_relative_v1,90,/home/eunseop/nrs_imitation/datasets/polishing/single_cam/20260819_1618/merged_hdf5/hdf5_recorder_single_cam_20260819_1618.hdf5,ep_0018,909901cb4008b253487c7a1317cec5145f38e78478c7c1f0aa5864d0b45be6e0,False,not_inferred,False
episode_16,train,389,12.942795515060425,0.032767295837402344,0.033356666564941406,0.033972978591918945,True,True,subscriber_receive_time_unix,30.0,True,True,True,True,"(389, 9)",stain_relative_v1,90,/home/eunseop/nrs_imitation/datasets/polishing/single_cam/20260819_1618/merged_hdf5/hdf5_recorder_single_cam_20260819_1618.hdf5,ep_0011,75b707940220ef49389b2197a673f668fc100c4d674780341a0bdc0b419e1ce0,False,not_inferred,False
episode_17,train,356,11.97532868385315,0.03283572196960449,0.03336620330810547,0.06677722930908203,True,True,subscriber_receive_time_unix,30.0,True,True,True,True,"(356, 9)",stain_relative_v1,90,/home/eunseop/nrs_imitation/datasets/polishing/single_cam/20260819_1618/merged_hdf5/hdf5_recorder_single_cam_20260819_1618.hdf5,ep_0015,acf6384db25cfcb35b75468cc562e6aff20c0a7e53e9e111a9db19f4078f939d,False,not_inferred,False
episode_18,train,353,11.742025136947632,0.032753944396972656,0.03336155414581299,0.033919334411621094,True,True,subscriber_receive_time_unix,30.0,True,True,True,True,"(353, 9)",stain_relative_v1,90,/home/eunseop/nrs_imitation/datasets/polishing/single_cam/20260819_1618/merged_hdf5/hdf5_recorder_single_cam_20260819_1618.hdf5,ep_0040,e32e4bf58ba775020c6c1917efe88ff56f0b0729c80c135f994b5bf97d0d035b,False,not_inferred,False
episode_19,train,350,11.641754627227783,0.03278517723083496,0.033356666564941406,0.03386735916137695,True,True,subscriber_receive_time_unix,30.0,True,True,True,True,"(350, 9)",stain_relative_v1,90,/home/eunseop/nrs_imitation/datasets/polishing/single_cam/20260819_1618/merged_hdf5/hdf5_recorder_single_cam_20260819_1618.hdf5,ep_0042,65f32210e4005d424a896b2fd270f9611c06fb239dd08b09ce1d4fa4b63d6462,False,not_inferred,False
episode_2,train,400,13.309624195098877,0.032788991928100586,0.033359527587890625,0.03390240669250488,True,True,subscriber_receive_time_unix,30.0,True,True,True,True,"(400, 9)",stain_relative_v1,90,/home/eunseop/nrs_imitation/datasets/polishing/single_cam/20260819_1618/merged_hdf5/hdf5_recorder_single_cam_20260819_1618.hdf5,ep_0019,7a17371413f59901a6de0a4823252c3629c97884b3b8c2826d7911d7bcdf6dc7,False,not_inferred,False
episode_20,train,413,13.74341368675232,0.032682180404663086,0.03335916996002197,0.03399252891540527,True,True,subscriber_receive_time_unix,30.0,True,True,True,True,"(413, 9)",stain_relative_v1,90,/home/eunseop/nrs_imitation/datasets/polishing/single_cam/20260819_1618/merged_hdf5/hdf5_recorder_single_cam_20260819_1618.hdf5,ep_0029,73c20d170ee8a0eed025b0adccabf3b1bfad3a5d648c128d077390e3ff14a0b2,False,not_inferred,False
episode_21,train,362,12.041956186294556,0.032831668853759766,0.0333559513092041,0.034113407135009766,True,True,subscriber_receive_time_unix,30.0,True,True,True,True,"(362, 9)",stain_relative_v1,90,/home/eunseop/nrs_imitation/datasets/polishing/single_cam/20260819_1618/merged_hdf5/hdf5_recorder_single_cam_20260819_1618.hdf5,ep_0033,4e5b8d0b642479aaff03481667f504700bdc3944c80f21ef8d035f93371ce3ba,False,not_inferred,False
episode_22,validation,362,12.041864156723022,0.032706499099731445,0.03335142135620117,0.0340123176574707,True,True,subscriber_receive_time_unix,30.0,True,True,True,True,"(362, 9)",stain_relative_v1,90,/home/eunseop/nrs_imitation/datasets/polishing/single_cam/20260819_1618/merged_hdf5/hdf5_recorder_single_cam_20260819_1618.hdf5,ep_0044,dc3b994358d2a673c672021257c174fbc9963c8cc84be11ac41350da268df637,False,not_inferred,False
episode_23,train,362,12.041964769363403,0.032854318618774414,0.03335905075073242,0.03386402130126953,True,True,subscriber_receive_time_unix,30.0,True,True,True,True,"(362, 9)",stain_relative_v1,90,/home/eunseop/nrs_imitation/datasets/polishing/single_cam/20260819_1618/merged_hdf5/hdf5_recorder_single_cam_20260819_1618.hdf5,ep_0035,5cfe6d3e9978f4d2252d79f61f7cf1eab507311d123fa837ae716e566f34a047,False,not_inferred,False
episode_24,train,349,11.608838081359863,0.03278303146362305,0.03335154056549072,0.033895254135131836,True,True,subscriber_receive_time_unix,30.0,True,True,True,True,"(349, 9)",stain_relative_v1,90,/home/eunseop/nrs_imitation/datasets/polishing/single_cam/20260819_1618/merged_hdf5/hdf5_recorder_single_cam_20260819_1618.hdf5,ep_0037,ba6b9751aac660d2c5af7fc4894a995509773b746f0d66c017d8743f5e9a525b,False,not_inferred,False
episode_25,train,400,13.3096764087677,0.03272271156311035,0.03335237503051758,0.033931732177734375,True,True,subscriber_receive_time_unix,30.0,True,True,True,True,"(400, 9)",stain_relative_v1,90,/home/eunseop/nrs_imitation/datasets/polishing/single_cam/20260819_1618/merged_hdf5/hdf5_recorder_single_cam_20260819_1618.hdf5,ep_0023,a9dbdf85d7a094db6993ca332ba0d4a843c65735b2f7c4687de710474099eea5,False,not_inferred,False
episode_26,train,421,14.010108947753906,0.03280496597290039,0.03335285186767578,0.034078121185302734,True,True,subscriber_receive_time_unix,30.0,True,True,True,True,"(421, 9)",stain_relative_v1,90,/home/eunseop/nrs_imitation/datasets/polishing/single_cam/20260819_1618/merged_hdf5/hdf5_recorder_single_cam_20260819_1618.hdf5,ep_0009,61ac78233c8f707730a7874cdeee5a8c23441800c2c19f0dfe87173dfde39eae,False,not_inferred,False
episode_27,train,365,12.24203634262085,0.03164792060852051,0.03335583209991455,0.0670466423034668,True,True,subscriber_receive_time_unix,30.0,True,True,True,True,"(365, 9)",stain_relative_v1,90,/home/eunseop/nrs_imitation/datasets/polishing/single_cam/20260819_1618/merged_hdf5/hdf5_recorder_single_cam_20260819_1618.hdf5,ep_0034,3405c44ad5390b1e1e558212b0913bcee0bdcdb2673b92c4cac40b20658f3e46,False,not_inferred,False
episode_28,train,351,11.67532205581665,0.032730817794799805,0.03334951400756836,0.034034013748168945,True,True,subscriber_receive_time_unix,30.0,True,True,True,True,"(351, 9)",stain_relative_v1,90,/home/eunseop/nrs_imitation/datasets/polishing/single_cam/20260819_1618/merged_hdf5/hdf5_recorder_single_cam_20260819_1618.hdf5,ep_0012,211b5aeb6ea727e3f30365df82930be90160cf661f2321123313a1090cfa3f7c,False,not_inferred,False
episode_29,train,443,14.910406589508057,0.03271031379699707,0.03335738182067871,0.06700658798217773,True,True,subscriber_receive_time_unix,30.0,True,True,True,True,"(443, 9)",stain_relative_v1,90,/home/eunseop/nrs_imitation/datasets/polishing/single_cam/20260819_1618/merged_hdf5/hdf5_recorder_single_cam_20260819_1618.hdf5,ep_0003,beb566a7225e16848575d5139ca90a0df1075bb7e925edf6dcb8a6b1a98f94dc,False,not_inferred,False
episode_3,train,419,13.9435715675354,0.03279757499694824,0.033359527587890625,0.033935546875,True,True,subscriber_receive_time_unix,30.0,True,True,True,True,"(419, 9)",stain_relative_v1,90,/home/eunseop/nrs_imitation/datasets/polishing/single_cam/20260819_1618/merged_hdf5/hdf5_recorder_single_cam_20260819_1618.hdf5,ep_0017,9615de6bedb6d4d4f50fa8fc6f80a4ce73ce4c7d77385a360a71609fffeb7718,False,not_inferred,False
episode_30,train,445,14.810506105422974,0.03253340721130371,0.03336012363433838,0.034034013748168945,True,True,subscriber_receive_time_unix,30.0,True,True,True,True,"(445, 9)",stain_relative_v1,90,/home/eunseop/nrs_imitation/datasets/polishing/single_cam/20260819_1618/merged_hdf5/hdf5_recorder_single_cam_20260819_1618.hdf5,ep_0020,9c72b2a67e63146007364ad2a2586c8347e54c8eaceb75c60f31a69b36b730cd,False,not_inferred,False
episode_31,train,374,12.441854476928711,0.03168916702270508,0.033357858657836914,0.03477001190185547,True,True,subscriber_receive_time_unix,30.0,True,True,True,True,"(374, 9)",stain_relative_v1,90,/home/eunseop/nrs_imitation/datasets/polishing/single_cam/20260819_1618/merged_hdf5/hdf5_recorder_single_cam_20260819_1618.hdf5,ep_0013,29ace96cacf4a6e69964f5b632b0e18afd4d8d16766227968784a88be3898c53,False,not_inferred,False
episode_32,train,345,11.474746465682983,0.03140568733215332,0.03335762023925781,0.035444021224975586,True,True,subscriber_receive_time_unix,30.0,True,True,True,True,"(345, 9)",stain_relative_v1,90,/home/eunseop/nrs_imitation/datasets/polishing/single_cam/20260819_1618/merged_hdf5/hdf5_recorder_single_cam_20260819_1618.hdf5,ep_0041,29381e9ad400d61625890899acb64c38591815c4e0812dfbbd0be255f3156d0b,False,not_inferred,False
episode_33,train,415,13.809883117675781,0.03276824951171875,0.03335559368133545,0.03387784957885742,True,True,subscriber_receive_time_unix,30.0,True,True,True,True,"(415, 9)",stain_relative_v1,90,/home/eunseop/nrs_imitation/datasets/polishing/single_cam/20260819_1618/merged_hdf5/hdf5_recorder_single_cam_20260819_1618.hdf5,ep_0014,7f738e40ddfad413386bce1de67a2a246bbd1bb7c46cb436a47b91ab14bef442,False,not_inferred,False
episode_34,train,383,12.742016077041626,0.0327756404876709,0.03335273265838623,0.03396439552307129,True,True,subscriber_receive_time_unix,30.0,True,True,True,True,"(383, 9)",stain_relative_v1,90,/home/eunseop/nrs_imitation/datasets/polishing/single_cam/20260819_1618/merged_hdf5/hdf5_recorder_single_cam_20260819_1618.hdf5,ep_0043,4707b910b71618118489c3874c37f7cb008d5b0f6aca581bb3191dfe6a8ed26a,False,not_inferred,False
episode_35,validation,383,12.842342615127563,0.02407550811767578,0.033354997634887695,0.06679391860961914,True,True,subscriber_receive_time_unix,30.0,True,True,True,True,"(383, 9)",stain_relative_v1,90,/home/eunseop/nrs_imitation/datasets/polishing/single_cam/20260819_1618/merged_hdf5/hdf5_recorder_single_cam_20260819_1618.hdf5,ep_0022,28b9d86b9636165db655cd5b484dcdecaefab75f3e11bf22e7d0a83ec17b5414,False,not_inferred,False
episode_36,train,377,12.541672945022583,0.03274059295654297,0.03336143493652344,0.033895254135131836,True,True,subscriber_receive_time_unix,30.0,True,True,True,True,"(377, 9)",stain_relative_v1,90,/home/eunseop/nrs_imitation/datasets/polishing/single_cam/20260819_1618/merged_hdf5/hdf5_recorder_single_cam_20260819_1618.hdf5,ep_0006,e862e9618aed4c2117186b8f0cbdc6185adf9346a31066df00e788d05a5ee02d,False,not_inferred,False
episode_37,validation,415,13.843307495117188,0.03282046318054199,0.033353567123413086,0.06656193733215332,True,True,subscriber_receive_time_unix,30.0,True,True,True,True,"(415, 9)",stain_relative_v1,90,/home/eunseop/nrs_imitation/datasets/polishing/single_cam/20260819_1618/merged_hdf5/hdf5_recorder_single_cam_20260819_1618.hdf5,ep_0002,e3241ef2cc10e9b231d89c7cc22b1b662688b1244256234cfa0304b140f655b0,False,not_inferred,False
episode_38,train,366,12.241843223571777,0.032642364501953125,0.0333561897277832,0.06649303436279297,True,True,subscriber_receive_time_unix,30.0,True,True,True,True,"(366, 9)",stain_relative_v1,90,/home/eunseop/nrs_imitation/datasets/polishing/single_cam/20260819_1618/merged_hdf5/hdf5_recorder_single_cam_20260819_1618.hdf5,ep_0026,f608c4b1d90f5272569973d05b4e5825aff804f7da3b1e47eb5bae09d12b5ba4,False,not_inferred,False
episode_39,validation,322,10.74120283126831,0.03268146514892578,0.0333559513092041,0.06625247001647949,True,True,subscriber_receive_time_unix,30.0,True,True,True,True,"(322, 9)",stain_relative_v1,90,/home/eunseop/nrs_imitation/datasets/polishing/single_cam/20260819_1618/merged_hdf5/hdf5_recorder_single_cam_20260819_1618.hdf5,ep_0045,f6c26e0ec9d0397fef7c0e08c4e52b6985209776e4d856806d395204a2948ab6,False,not_inferred,False
episode_4,train,470,15.644475221633911,0.032402992248535156,0.03335404396057129,0.03421759605407715,True,True,subscriber_receive_time_unix,30.0,True,True,True,True,"(470, 9)",stain_relative_v1,90,/home/eunseop/nrs_imitation/datasets/polishing/single_cam/20260819_1618/merged_hdf5/hdf5_recorder_single_cam_20260819_1618.hdf5,ep_0007,dba823657375d06aa4ea48b0e2f07c975f296935971e8f14c3623937232ea708,False,not_inferred,False
episode_40,train,323,10.774667263031006,0.032655954360961914,0.03336966037750244,0.06615591049194336,True,True,subscriber_receive_time_unix,30.0,True,True,True,True,"(323, 9)",stain_relative_v1,90,/home/eunseop/nrs_imitation/datasets/polishing/single_cam/20260819_1618/merged_hdf5/hdf5_recorder_single_cam_20260819_1618.hdf5,ep_0031,59e3549a0d0a8cae5307dc07d9fd2dc2cd8916d62493382245a722baa9780a49,False,not_inferred,False
episode_41,train,305,10.140463829040527,0.03273272514343262,0.03335309028625488,0.0340113639831543,True,True,subscriber_receive_time_unix,30.0,True,True,True,True,"(305, 9)",stain_relative_v1,90,/home/eunseop/nrs_imitation/datasets/polishing/single_cam/20260819_1618/merged_hdf5/hdf5_recorder_single_cam_20260819_1618.hdf5,ep_0047,5408008ee69f4e2c3a0cda86472b6d37948481492e31a8296a2f01c27032633b,False,not_inferred,False
episode_5,train,372,12.375352621078491,0.03212261199951172,0.03334331512451172,0.03491854667663574,True,True,subscriber_receive_time_unix,30.0,True,True,True,True,"(372, 9)",stain_relative_v1,90,/home/eunseop/nrs_imitation/datasets/polishing/single_cam/20260819_1618/merged_hdf5/hdf5_recorder_single_cam_20260819_1618.hdf5,ep_0025,12740a181e5f465cd2fe82723fb2813b74b7cb4c8f4e5317fcf8bcbc381688ff,False,not_inferred,False
episode_6,train,409,13.776571273803711,0.032765865325927734,0.033354878425598145,0.06690049171447754,True,True,subscriber_receive_time_unix,30.0,True,True,True,True,"(409, 9)",stain_relative_v1,90,/home/eunseop/nrs_imitation/datasets/polishing/single_cam/20260819_1618/merged_hdf5/hdf5_recorder_single_cam_20260819_1618.hdf5,ep_0008,af95e38be0cca59fa34d32687979a994a7aa4cd70021c190b58b544dd90d107a,False,not_inferred,False
episode_7,train,361,12.142414808273315,0.032787322998046875,0.03336048126220703,0.06671881675720215,True,True,subscriber_receive_time_unix,30.0,True,True,True,True,"(361, 9)",stain_relative_v1,90,/home/eunseop/nrs_imitation/datasets/polishing/single_cam/20260819_1618/merged_hdf5/hdf5_recorder_single_cam_20260819_1618.hdf5,ep_0010,794e976d238b55feeb014e30f86103e06fcd7e09126e03f4526ba10007db6af6,False,not_inferred,False
episode_8,train,380,12.642540693283081,0.03274250030517578,0.0333561897277832,0.03399085998535156,True,True,subscriber_receive_time_unix,30.0,True,True,True,True,"(380, 9)",stain_relative_v1,90,/home/eunseop/nrs_imitation/datasets/polishing/single_cam/20260819_1618/merged_hdf5/hdf5_recorder_single_cam_20260819_1618.hdf5,ep_0027,76200c9f6f4aeb41e86a05b01c6d7aa975a74bc9a7644973457c6ce3ce99d9e0,False,not_inferred,False
episode_9,train,369,12.275453329086304,0.03278017044067383,0.03336477279663086,0.03389239311218262,True,True,subscriber_receive_time_unix,30.0,True,True,True,True,"(369, 9)",stain_relative_v1,90,/home/eunseop/nrs_imitation/datasets/polishing/single_cam/20260819_1618/merged_hdf5/hdf5_recorder_single_cam_20260819_1618.hdf5,ep_0036,9ed395374792fb5bda051efe1811c12e801b3e6495cb31baf91135f6c2fb5fad,False,not_inferred,False
