label,method,repeat_index,archive_run_id,execution_start_local,execution_duration_s,mean_fz_N,temporal_sd_fz_N,peak_fz_N,min_fz_N,time_fz_ge_3N_s,time_fz_ge_50N_s,tcp_xy_path_mm,tcp_xyz_path_mm,command_rows_execution,max_command_gap_ms,median_command_gap_ms,force_feedback_hz,max_force_feedback_gap_ms,max_force_gap_execution_ms,gate_on_s,gate_transitions,inference_count,first_pipeline_ms,warm_pipeline_median_ms,terminal_event,terminal_after_first_stop_s,first_stop_reason,later_stop_details,target_distance_at_first_stop_mm,raw_heatmap_mean,raw_heatmap_sd,recorder_duration_s,raw_max_speed_mm_s,raw_max_fn_N,tcp_rows,force_rows,node_sent_rows_total,run_directory
R1,R,1,RTC_R_20260927T230841,2026-09-27T23:08:48.715257+09:00,32.687994446998346,11.917294337675676,10.329850224366702,53.93084653109711,-2.1866628890529975,21.557288780997624,0.2801383110054303,145.52526203981304,164.12977992880815,4085,8.926937996875495,7.997225991857704,17.59865090249824,268.5369959945092,140.79839499027003,21.66382249999151,3,1,0.415955,,safety_stop,11.352319401994464,trajectory_end,['retract arrival/contact-release verification timeout'],8.64295331797611,0.14739741669235915,0.21598444699950947,51.180004835128784,140.83143399144168,53.93084653109711,904,905,5242,R/RTC_R_20260927T230841
R2,R,2,RTC_R_20260927T231041,2026-09-27T23:10:49.118576+09:00,32.68800806099898,11.795560559408225,10.236238279595055,56.53997791526175,-1.992166978303371,21.399096900000586,0.1121901979931863,146.47747490571152,164.94144339914294,4085,9.2552970018005,7.9958839996834286,17.74897300680414,134.78630300960504,60.000917001161724,21.65510250600346,3,1,0.755624,,safety_stop,10.520725855996716,trajectory_end,['retract arrival/contact-release verification timeout'],8.720073473082241,0.14147091288978075,0.21245460675409164,50.67999076843262,25.42453095815696,57.9345429325801,894,894,5243,R/RTC_R_20260927T231041
R3,R,3,RTC_R_20260927T231207,2026-09-27T23:12:14.385895+09:00,32.68797471100697,11.773209394083434,10.542309005283316,53.23037352757697,-2.53894995663238,21.40246037399629,0.1118413140065968,146.21875658170381,164.49040935274215,4085,8.800537005299702,7.996164000360295,17.88036834210991,60.23480600561015,59.44266100414097,21.599802573997295,1,1,0.912515,,safety_stop,11.224386133006192,trajectory_end,['retract arrival/contact-release verification timeout'],8.74619284349268,0.15922587054295106,0.21956553385056307,51.340003490448,26.16857307281034,52.45710660564411,916,916,5243,R/RTC_R_20260927T231207
R4,R,4,RTC_R_20260927T231410,2026-09-27T23:14:17.342104+09:00,32.68799914099509,12.193481353743296,9.971599388193152,55.25312154607222,-1.0703677776712397,21.290804588992614,0.16019163899181876,145.7526829782206,164.37779866635685,4085,9.939745999872684,7.996079497388564,17.879685896059385,168.96025600726716,168.96025600726716,21.46385050700337,9,1,0.45971,,safety_stop,10.400577990003512,trajectory_end,['retract arrival/contact-release verification timeout'],8.710451114895488,0.16420187505659606,0.2259081248665404,48.199992656707764,27.927748964983355,51.23183763766312,895,894,5237,R/RTC_R_20260927T231410
R5,R,5,RTC_R_20260927T231514,2026-09-27T23:15:21.323274+09:00,32.68803213399951,12.098409647859594,9.879170415625946,49.163458292391866,-1.1214238823985454,21.151518457001657,0.0,145.47773894059338,164.194037721143,4085,9.080413001356646,7.997262000571936,17.7388245932437,147.77884501381777,58.682519011199474,21.479865415982204,3,1,0.477273,,safety_stop,12.896311500007869,trajectory_end,['Contact detected again during home return'],8.721671675266851,0.16866152970754825,0.22893623324133003,52.699994802474976,312.85342471716035,53.3530513758568,935,934,5449,R/RTC_R_20260927T231514
T1,T,1,RTC_T_20260927T232044,2026-09-27T23:20:51.474906+09:00,14.920006204003585,15.457958077037366,28.26683589490598,117.92792891002802,-2.6969293947743362,5.439727320990642,1.3442707710055402,187.9126352896555,214.46030792104332,1864,10.018006010795943,7.996179992915131,17.90761448629046,59.54683499294333,59.54683499294333,5.647832686008769,8,1,4.755494,,trajectory_end,0.6083961349941092,trajectory_end,[],13.453164022068,0.2681042484421776,0.4889245390038073,23.07999587059021,33.38501874581044,120.46948412761087,406,405,1864,T/RTC_T_20260927T232044
T2,T,2,RTC_T_20260927T232115,2026-09-27T23:21:23.225741+09:00,14.920046026993077,15.771224232280813,28.47760083678255,118.36686276076983,-5.021479063890359,5.5348563290026505,1.3214401580044068,188.1167772916189,215.20366533661786,1864,8.787885002675466,7.994596991920844,17.917575798078254,58.68806201033294,58.68806201033294,5.6558847870182944,6,1,4.53954,,trajectory_end,1.4248158520058496,trajectory_end,[],13.45308489417205,0.26387595740064484,0.4856904445611015,24.100019454956055,40.957919042875496,121.18077583985526,424,424,1864,T/RTC_T_20260927T232115
T3,T,3,RTC_T_20260927T232333,2026-09-27T23:23:40.952266+09:00,14.919935308993445,16.0188914453578,28.09112513167131,114.62826115681192,-1.6396889419938305,5.512176529999124,1.2880268070002785,187.61901425715246,214.3767285962594,1864,9.200293003232218,7.996590997208841,17.800874265398708,136.42110300133936,136.42110300133936,5.5999292799970135,2,1,5.399114,,trajectory_end,0.6244093120039906,trajectory_end,[],13.469067491875208,0.2726285668618634,0.4972438847766334,23.43999695777893,48.68514023209834,122.0341678843516,407,407,1864,T/RTC_T_20260927T232333
T4,T,4,RTC_T_20260927T232407,2026-09-27T23:24:15.504394+09:00,14.920033804999548,15.421812877468557,26.94353525849696,120.49742602872742,-1.4834642209435869,5.489616792008746,1.1788593800010858,189.45807786790036,216.46661867162544,1864,9.462643996812403,7.995569001650438,17.86282863510794,58.895099005894735,58.895099005894735,5.5923928399861325,10,1,6.216717,,trajectory_end,0.8323514299991075,trajectory_end,[],13.507192261261205,0.2635512023025412,0.47828774918601136,24.01997995376587,362.7883880917443,123.54280016817921,424,423,1864,T/RTC_T_20260927T232407
T5,T,5,RTC_T_20260927T232441,2026-09-27T23:24:49.408909+09:00,14.920038982003462,15.402356399386932,26.976654639606156,117.79745025526975,-2.2818391705487904,5.601521585995215,1.1763618160039186,187.81793719132804,214.55487194170985,1864,9.11533999897074,7.998685003258288,17.071807384316685,229.70795699802693,58.34733200026676,5.576310668009683,8,1,4.228136,,trajectory_end,0.6723675100074615,trajectory_end,[],13.542544591044194,0.2805397372722757,0.48289351221842797,23.31995940208435,29.407154035890738,121.14612888645787,394,393,1864,T/RTC_T_20260927T232441
C1,C,1,RTC_C_20260927T232603,2026-09-27T23:26:11.081684+09:00,16.591928878013277,14.857977901622222,20.452661253079164,101.38942445390732,-1.9343120390363207,7.998724771998241,1.1198949739919044,194.6922023382681,222.93731140565188,2073,8.441411002422683,7.992182494490407,17.86281938190668,58.4528540057363,58.4528540057363,8.008075703008217,2,4,173.301216,58.281637,normal_completion,1.1844421729911119,operator_finish,[],,0.25927015418929095,0.498947978184475,25.759965181350708,26.9016710593539,104.61817191682498,452,452,2073,C/RTC_C_20260927T232603
C2,C,2,RTC_C_20260927T232642,2026-09-27T23:26:49.929506+09:00,15.124031567000202,15.530891018482956,22.474423148601918,98.60690345892672,-1.9614577969529277,6.64986829800182,1.0090487759880489,182.52019377688916,206.71808937653904,1890,9.502500004600734,7.993746010470204,17.86885181615353,60.58674400264863,60.58674400264863,6.679958947002888,2,4,159.593455,58.081003,normal_completion,1.3723693700012518,operator_finish,[],,0.2710617937890906,0.49161008639630854,24.680017471313477,28.666066173889455,103.35524974715874,432,432,1890,C/RTC_C_20260927T232642
C3,C,3,RTC_C_20260927T232717,2026-09-27T23:27:25.162128+09:00,16.281503912003245,15.16252630994285,20.849809282370323,94.6254661564222,-1.395483383341948,7.910648585020681,1.1526668239966966,190.17804751952372,219.7309269531022,2035,9.054583992110565,7.992873994226102,17.893218748181713,58.16305000917055,58.16305000917055,7.960397735994775,6,4,168.158814,58.203026,normal_completion,0.838860632997239,operator_finish,[],,0.26246208350040323,0.4725490727252049,25.40001344680786,27.011180287769236,95.64781356046396,444,444,2035,C/RTC_C_20260927T232717
C4,C,4,RTC_C_20260927T232752,2026-09-27T23:28:00.514732+09:00,15.538690289991791,15.291578171284135,19.166172194911702,73.1422075497301,-1.5603950743032804,7.446108498988906,1.3763149470032658,185.61319566914622,210.4018507475875,1942,8.740603996557184,7.993195002200082,17.907020943129446,59.41465300566051,59.41465300566051,7.447777130990289,4,4,165.575323,58.128203,normal_completion,0.5581751249992521,operator_finish,[],,0.2535239825026673,0.4804217643645078,24.480005025863647,26.55667421875526,74.84619584380401,429,430,1942,C/RTC_C_20260927T232752
C5,C,5,RTC_C_20260927T232827,2026-09-27T23:28:34.737891+09:00,15.804686707997462,15.006062467933454,20.72162716500811,92.1743425720602,-1.4001270357090214,7.111490128998412,0.9919750309927622,187.88435752793185,214.56453200468735,1975,9.366521000629291,7.995203501195647,17.93747629548483,58.50218900013715,58.50218900013715,7.15200673599611,2,4,159.776035,58.539419,normal_completion,1.2037045930046588,operator_finish,[],,0.2886835864582297,0.47250979695241985,25.179998874664307,32.69129477098149,93.07003198063832,443,443,1975,C/RTC_C_20260927T232827
