분류,지표,단위,B — Force-obs OFF,C — Force-obs ON (기존 baseline),집계 범위 / 설명
비교 전제,B: 9/16 E1 OFF / C: 9/10 기존 baseline,,1회,1회,동일 학습 실행의 B/C 비교 아님. 공통 0–37.5초; 자세한 조건은 XLSX의 실험조건·해석과원본 시트 참조.
실행,실행 시각 (2026-09-20 KST),시각,16:23:41–16:24:24,16:06:36–16:07:19,로그 시작부터 키보드 중단까지
실행,정책 실행 시간,s,38.5723,37.5418,첫 plan 완료부터 중단까지; 초기 PTP 제외
실행,추론 횟수,회,10,9,전체 실행
실행,서비스 성공 응답,건,479,459,명령 전달 성공; 물리 작업 완료 판정은 아님
실행,서비스 실패 응답,건,0,0,전체 실행
실행,첫 회 제외 추론 시간 중앙값,ms,57.199,58.3515,inference_start → inference_end 이벤트 간격
힘,평균 측정 Fz,N,12.6316,11.1099,공통 0–37.5 s; receipt 시간 간격 가중
힘,측정 Fz 표준편차,N,16.7161,15.9829,공통 0–37.5 s; receipt 시간 간격 가중
힘,관측 최대 Fz,N,105.7978,108.091,공통 0–37.5 s; 최대 20Hz 기록에서 관측한 값
힘,최대 Fz 발생 시각,s,7.5853,7.4551,각 실행 첫 plan 완료를 0 s로 설정
힘,Fz ≥ 3 N인 시간,s,17.6097,18.794,공통 구간의 분석용 임계값; 접촉 성공/실패 판정 아님
힘,Fz ≥ 3 N 구간 평균 Fz,N,26.288,21.4399,공통 0–37.5 s; 해당 임계값 이상 구간만
힘,Fz ≥ 50 N인 시간,s,0.9205,1.0889,공통 0–37.5 s; 샘플 사이 값을 유지하는 근사
힘,15–25 s 평균 Fz,N,23.9622,18.1745,동일한 중간 구간; receipt 시간 간격 가중
힘,15–25 s Fz 표준편차,N,2.6094,7.0003,이 구간에서는 B의 힘 수준이 높고 변동은 작음
동작,XY 이동 거리,mm,190.3529,205.0199,공통 0–37.5 s; 측정 TCP 위치 샘플 간 XY 거리 합
힘 명령,9–10.5 s 힘 요청 수,건,31,8,PTP9D_STREAM_SET_FORCE 요청만 집계
힘 명령,9–10.5 s 0/비0 전환,회,30,5,기존 접촉 판정에 따른 force-zero gate; B는 약 23–24 N과 0 N 사이 전환
로그,위치 / 힘 저장 행 수,행,759 / 759,739 / 740,전체 실행; 의도한 최대 20Hz 샘플링 적용
로그,commands 저장 행 수,행,1961,1817,정책 예측과 전송 명령을 포함; 서비스 호출 건수와 다름
로그,로그 쓰기 오류,건,0,0,전체 실행
로그,로거 큐 드롭,건,0,0,의도한 샘플링 생략과 구분; DDS 손실은 미측정
결과 판정,물리 작업 성공률 / 제거율,,미평가,미평가,완료 신호·정렬된 평가 ROI 없음; 자동 removal heatmap은 실제 제거량이 아님
