metric,ON_baseline,OFF_E1
초기 이동 제외 정책 실행 시간 [s],37.541840274,38.572310654
추론 횟수,9.0,10.0
공통 구간 평균 Fz [N],11.109910928232297,12.631583422056512
공통 구간 Fz 표준편차 [N],15.982926068831913,16.716135714920988
관측 최대 Fz [N],108.09104781515316,105.79782866082012
Fz >= 3 N 시간 [s] (물리 접촉 판정 아님),18.79400955,17.609743150999996
Fz >= 3 N 구간 평균 [N],21.439933127390116,26.288025700205175
Fz >= 50 N 시간 [s],1.0889009600000001,0.9204714819999991
공통 구간 XY 이동 거리 [mm],205.01993232258724,190.35285541008022
9–10.5 s 힘 명령 0/비0 전환 횟수,5.0,30.0
