method,repeat_index,label,run_tag,run_tag_time,execution_duration_s,mean_base_fz_N,temporal_sd_base_fz_N,max_logged_base_fz_N,min_logged_base_fz_N,time_fz_ge_3N_s,time_fz_ge_50N_s,tcp_xy_path_mm,tcp_xyz_path_mm,command_rows_in_execution,max_command_gap_ms,max_axis_command_speed_mm_s,max_axis_command_acceleration_mm_s2,contact_gate_transitions_first4s,contact_gate_transitions_total,normal_completion,termination_reasons,record_status,tcp_rows_total,force_rows_total,removal_proxy_mean_raw,removal_recorder_duration_s,final_target_error_mm,warm_pipeline_median_ms,run_directory,video,R_processing_proxy_s,R_processing_base_fz_mean_N
R,1,R1,RTC_R_20260926T170642,170642,32.68812665199994,12.382282261715014,10.752924094478711,67.29360023438132,-0.5947762039343303,21.17907804100014,0.4965017370000169,147.2103419633555,167.33826722689136,4085,9.215759000198886,9.84544927185027,35.09216416427942,0,5,False,trajectory_end;safety_stop,recording_complete_return_timeout,982,982,0.15933887843048689,55.02004885673523,,,R/RTC_R_20260926T170642,R/RTC_R_20260926T170642/video/polishing_inference_20260926_170643_FLOW_RTC_R_20260926T170642.webm,17.104237358,18.257454036851797
R,2,R2,RTC_R_20260926T171118,171118,32.68838839399996,12.28498303647708,10.907481558915585,70.96703432319042,-1.5615116255005552,21.29724297599978,0.4478167100000974,148.20736695668506,168.42990527493288,4085,8.438465999915934,9.840760424506396,35.08738525592747,2,15,False,trajectory_end;safety_stop,recording_complete_return_timeout,941,941,0.15790155922776974,52.30002570152283,,,R/RTC_R_20260926T171118,R/RTC_R_20260926T171118/video/polishing_inference_20260926_171119_FLOW_RTC_R_20260926T171118.webm,17.103957532,18.309841139360664
R,3,R3,RTC_R_20260926T171328,171328,32.68821633599964,12.250747404668662,10.812704718125275,69.76917243419916,-1.6829450742714014,21.151032286999907,0.5039449910000258,147.06580047185048,167.18771745999328,4085,8.666917000027752,9.879506160551443,35.11148659434295,0,7,False,trajectory_end;safety_stop,recording_complete_return_timeout,919,919,0.16032304924952565,43.940009117126465,,,R/RTC_R_20260926T171328,R/RTC_R_20260926T171328/video/polishing_inference_20260926_171329_FLOW_RTC_R_20260926T171328.webm,17.103936669,18.16543710326037
R,4,R4,RTC_R_20260926T171650,171650,32.68807690799986,12.369957953064759,10.781665721021644,71.3115756971551,-2.0804932826433142,21.15854681100018,0.44800125700021454,147.21450139172396,167.03105792736488,4085,8.906353999918792,9.853059450264823,35.06272953718056,0,25,False,trajectory_end;safety_stop,recording_complete_return_timeout,1041,1041,0.14880480822399897,58.24004626274109,,,R/RTC_R_20260926T171650,R/RTC_R_20260926T171650/video/polishing_inference_20260926_171650_FLOW_RTC_R_20260926T171650.webm,17.104136194,18.325013313219923
R,5,R5,RTC_R_20260926T172034,172034,32.68814496999994,12.320792846577344,10.528506166661453,63.70954603411829,-1.106624903305159,21.064179815999978,0.5041301450000901,147.07244383936555,166.65617730119067,4085,8.60850799972468,9.923073435089691,35.47289334099141,0,13,False,trajectory_end;safety_stop,recording_complete_return_timeout,909,908,0.15098967553218048,50.52000570297241,,,R/RTC_R_20260926T172034,R/RTC_R_20260926T172034/video/polishing_inference_20260926_172035_FLOW_RTC_R_20260926T172034.webm,17.10382987,18.288979250581324
T,1,T1,RTC_T_20260926T172827,172827,14.920136229000036,15.521238493907157,26.961956650459953,116.48635023002855,-2.3723138722287853,5.630087946000003,1.2834690169997884,190.05706141968255,218.0820092562464,1864,8.419691000199236,10.000000000001563,301.9520741352508,10,24,False,trajectory_end,recording_complete_endpoint_not_reached,514,513,0.2370240912094429,28.660048007965088,14.99132434874505,,T/RTC_T_20260926T172827,T/RTC_T_20260926T172827/video/polishing_inference_20260926_172828_FLOW_RTC_T_20260926T172827.webm,,
T,2,T2,RTC_T_20260926T174111,174111,14.920031058999484,16.189937886140264,27.214133236631096,118.28854489090479,-2.8498695721661678,6.264749246001884,1.2639029100000698,190.68026083001666,222.84490688374564,1864,8.538736999980756,10.000000000001563,301.29402233726574,18,94,False,trajectory_end,recording_complete_endpoint_not_reached,452,451,0.2616055537695833,25.360005140304565,19.49757935848188,,T/RTC_T_20260926T174111,T/RTC_T_20260926T174111/video/polishing_inference_20260926_174112_FLOW_RTC_T_20260926T174111.webm,,
T,3,T3,RTC_T_20260926T174216,174216,14.920078442999511,11.708005931809126,16.244296426368386,74.72155910996763,-1.7359607792299294,5.887775491001776,0.6155455610005447,192.24214019365397,224.49302509969021,1864,8.399641000323754,10.000000000001563,300.60351745412135,66,149,False,trajectory_end,recording_complete_endpoint_not_reached,445,445,0.2123513168980947,17.719995975494385,20.82321928514533,,T/RTC_T_20260926T174216,T/RTC_T_20260926T174216/video/polishing_inference_20260926_174216_FLOW_RTC_T_20260926T174216.webm,,
T,4,T4,RTC_T_20260926T174311,174311,14.920039886000268,12.874211043025353,19.344556268911415,94.0017466174553,-2.8487726111458014,6.131763815999875,0.7824247079997804,191.54279678034217,223.33914146319518,1864,8.53739800004405,10.000000000001563,300.8401065785065,62,144,False,trajectory_end,recording_complete_endpoint_not_reached,457,456,0.22462017214180996,25.480001211166382,20.186665593559006,,T/RTC_T_20260926T174311,T/RTC_T_20260926T174311/video/polishing_inference_20260926_174312_FLOW_RTC_T_20260926T174311.webm,,
T,5,T5,RTC_T_20260926T174414,174414,14.920084919000146,12.545535790796773,18.902978311298476,90.12683779618388,-2.3315504348799103,5.984059920999243,0.7861145509996277,192.14074166850605,223.29738568410255,1864,9.221988999343012,10.000000000001563,311.14038671948833,68,144,False,trajectory_end,recording_complete_endpoint_not_reached,489,489,0.21881964701144152,27.399996042251587,19.521604581229614,,T/RTC_T_20260926T174414,T/RTC_T_20260926T174414/video/polishing_inference_20260926_174414_FLOW_RTC_T_20260926T174414.webm,,
C,1,C1,RTC_C_20260926T184357,184357,16.937428395999632,12.696291983709335,17.645535623572723,84.4107736525001,-1.35954859883342,6.853211284999816,0.5596691529999589,201.94713404621893,234.95061995666634,2117,8.651457999803824,10.000000000001563,25.000000000886367,0,8,True,operator_finish,normal_completion_operator_finish_verified_hold,445,445,0.2611478579950928,25.040009021759033,,56.824485499999994,C/RTC_C_20260926T184357,C/RTC_C_20260926T184357/video/polishing_inference_20260926_184405_FLOW_RTC_C_20260926T184357.webm,,
C,2,C2,RTC_C_20260926T184521,184521,13.634536765999655,13.670247671745718,14.144663812825566,51.78861096646657,-0.9127049908112075,7.047770535999007,0.10812389300008363,159.31774719094213,183.86749616215843,1704,8.610218999820063,10.000000000001563,25.000000000848903,58,72,True,operator_finish,normal_completion_operator_finish_verified_hold,399,399,0.27533446405310946,22.360004425048828,,59.239447,C/RTC_C_20260926T184521,C/RTC_C_20260926T184521/video/polishing_inference_20260926_184529_FLOW_RTC_C_20260926T184521.webm,,
C,3,C3,RTC_C_20260926T184622,184622,16.029970860000503,14.080300030753452,15.458959954362118,65.33791813023062,-1.6400446826332749,8.132032235999759,0.5610114350001822,191.51840068711283,218.17890766536107,2003,8.69392799995694,10.000000000001563,25.000000000841048,40,50,True,operator_finish,normal_completion_operator_finish_verified_hold,436,436,0.23250003918373743,24.320037364959717,,58.858709,C/RTC_C_20260926T184622,C/RTC_C_20260926T184622/video/polishing_inference_20260926_184631_FLOW_RTC_C_20260926T184622.webm,,
C,4,C4,RTC_C_20260926T184724,184724,15.21580949500003,15.092085220442561,17.576988355054517,81.19457619192767,-1.9244014661624784,7.750263042999904,0.7842353770001864,179.67725767469278,203.293582361833,1901,8.634163999886368,10.000000000001563,25.000000000883983,4,8,True,operator_finish,normal_completion_operator_finish_verified_hold,413,413,0.26261482867996794,23.219999313354492,,58.833779,C/RTC_C_20260926T184724,C/RTC_C_20260926T184724/video/polishing_inference_20260926_184732_FLOW_RTC_C_20260926T184724.webm,,
C,5,C5,RTC_C_20260926T184820,184820,15.503608496999732,15.568208895129786,19.127202106514382,82.98439696624168,-1.7199187728011691,7.959694449999006,0.9454923780012905,184.7455922556665,211.1344563290338,1937,8.619836000434589,10.000000000001563,25.000000000829914,8,12,True,operator_finish,normal_completion_operator_finish_verified_hold,423,423,0.26161049413763815,23.520058155059814,,57.438663,C/RTC_C_20260926T184820,C/RTC_C_20260926T184820/video/polishing_inference_20260926_184828_FLOW_RTC_C_20260926T184820.webm,,
