condition,repeat_index,label,run_id,tag_time,execution_duration_s,mean_base_fz_N,temporal_sd_base_fz_N,max_logged_base_fz_N,min_logged_base_fz_N,time_fz_ge_3N_s,time_fz_ge_50N_s,tcp_xy_path_mm,tcp_xyz_path_mm,node_sent_rows,max_command_gap_ms,max_axis_command_speed_mm_s,max_axis_command_acceleration_mm_s2,contact_gate_transitions_total,contact_gate_transitions_first4s,video_duration_s,video_frames,video_start_delay_s,video_initial_delay_over_1s,video_full_decode_passed,warm_pipeline_median_ms,normal_completion,controller_hold_verified,removal_proxy_mean_raw,removal_recorder_duration_s,processing_time_s,E_profile_N,E_target_N,E_track_applied_N,E_discrepancy_sent_N,run_directory,video
B,1,B1,E2_B_20260926T205903_fc196a96a836,205903,15.406226905999574,17.1192954456368,21.328466908349846,105.91097155657465,-1.5810027514896923,8.881614443000217,1.062240985000244,180.31419735864728,203.77591106982015,1925,8.739656001125695,10.000000000001563,25.0000000008318,6,2,16.6,166,0.2008075714111328,False,True,58.958127,True,True,0.3069126858950026,24.479990243911743,,,,,,B/E2_B_20260926T205903_fc196a96a836,B/E2_B_20260926T205903_fc196a96a836/video/polishing_inference_20260926_205913_FLOW_E2_B_20260926T205903_fc196a96a836.webm
B,2,B2,E2_B_20260926T210012_8eee50ef8114,210012,17.08077199299987,15.392908464570635,19.33546778486841,98.49307390322143,-1.7491862247830665,8.840793569001107,0.9482516560001386,203.3107725023791,229.28098521485674,2135,9.572528999342467,10.000000000001563,25.000000000829914,14,10,17.9,179,0.13883733749389648,False,True,57.5788485,True,True,0.3180539043324759,25.80000877380371,,,,,,B/E2_B_20260926T210012_8eee50ef8114,B/E2_B_20260926T210012_8eee50ef8114/video/polishing_inference_20260926_210022_FLOW_E2_B_20260926T210012_8eee50ef8114.webm
B,3,B3,E2_B_20260926T210121_74e063286a9d,210121,20.310289733999525,15.433492766026605,20.36032606631842,111.15716088591847,-2.4182258899550875,10.63208909199966,1.2178381329995318,235.31869961269186,265.92572849384123,2538,8.81271599973843,10.000000000001563,25.000000000829914,6,4,21.1,211,0.19496750831604004,False,True,57.206836499999994,True,True,0.3686263530808202,28.97997760772705,,,,,,B/E2_B_20260926T210121_74e063286a9d,B/E2_B_20260926T210121_74e063286a9d/video/polishing_inference_20260926_210131_FLOW_E2_B_20260926T210121_74e063286a9d.webm
B,4,B4,E2_B_20260926T210226_5f6f8582e483,210226,18.162073011000757,17.719252182118236,22.71664328661161,111.68109084247307,-1.8590574627592034,10.12716103800085,1.2252435899990815,214.88598380392432,242.376279758348,2270,8.465941999020288,10.000000000001563,25.000000000856712,4,0,19.4,194,0.16708016395568848,False,True,56.50734799999999,True,True,0.36948299430900966,27.359983682632446,,,,,,B/E2_B_20260926T210226_5f6f8582e483,B/E2_B_20260926T210226_5f6f8582e483/video/polishing_inference_20260926_210236_FLOW_E2_B_20260926T210226_5f6f8582e483.webm
B,5,B5,E2_B_20260926T210312_e1acef16f3d3,210312,17.955660868999985,17.33604180307535,22.41112869410991,116.26583595579477,-1.7886108377245518,10.288163154000358,1.1759442840011616,210.52309227506282,236.28987683187523,2244,8.918126999560627,10.000000000001563,25.000000000829914,4,0,19.1,191,0.17893075942993164,False,True,57.1268735,True,True,0.400614081831409,27.000059127807617,,,,,,B/E2_B_20260926T210312_e1acef16f3d3,B/E2_B_20260926T210312_e1acef16f3d3/video/polishing_inference_20260926_210322_FLOW_E2_B_20260926T210312_e1acef16f3d3.webm
C,1,C1,E2_C_20260926T210425_04dc3a12e7ce,210425,15.670990457998414,15.514747732006452,21.911551858308595,107.63618669628372,-2.2123877143028774,7.895724611997139,1.0577632919994358,185.63047240095761,211.1954318273091,1958,10.154411000257824,10.000000000001563,25.000000000858783,4,0,16.7,167,0.14516997337341309,False,True,59.704302,True,True,0.26064583731496394,24.679983615875244,,,,,,C/E2_C_20260926T210425_04dc3a12e7ce,C/E2_C_20260926T210425_04dc3a12e7ce/video/polishing_inference_20260926_210435_FLOW_E2_C_20260926T210425_04dc3a12e7ce.webm
C,2,C2,E2_C_20260926T210502_45f3d160b730,210502,15.57180518200039,16.090010306510933,22.225270036266977,106.79892538115604,-3.051236158589742,7.774311786997714,1.0099631049997697,186.5109807751856,211.8177301945592,1946,8.57429000097909,10.000000000001563,25.000000000859444,6,0,16.7,167,0.1641542911529541,False,True,60.779859,True,True,0.27496452778479635,24.400005102157593,,,,,,C/E2_C_20260926T210502_45f3d160b730,C/E2_C_20260926T210502_45f3d160b730/video/polishing_inference_20260926_210512_FLOW_E2_C_20260926T210502_45f3d160b730.webm
C,3,C3,E2_C_20260926T210537_4d8c6a706394,210537,17.3313485639992,17.800613603952744,22.04907959511222,100.73089718316562,-2.545680108137944,9.64679583600082,1.43857523999759,196.99634570783059,223.24764401462983,2166,8.561914997699205,10.000000000001563,25.000000000873655,4,0,18.4,184,0.16772723197937012,False,True,58.86977,True,True,0.3062188358264054,26.25998854637146,,,,,,C/E2_C_20260926T210537_4d8c6a706394,C/E2_C_20260926T210537_4d8c6a706394/video/polishing_inference_20260926_210547_FLOW_E2_C_20260926T210537_4d8c6a706394.webm
C,4,C4,E2_C_20260926T210618_9b054a7512d7,210618,15.774227567999333,15.794832280365963,22.86098871754771,111.63235919412318,-2.693187305902559,7.859634559004917,1.2185469000032754,186.12301532521792,213.03263065083578,1971,8.677215002535377,10.000000000001563,25.000000000867438,8,0,16.7,167,0.15369153022766113,False,True,59.858003,True,True,0.29012345295189645,24.76001000404358,,,,,,C/E2_C_20260926T210618_9b054a7512d7,C/E2_C_20260926T210618_9b054a7512d7/video/polishing_inference_20260926_210628_FLOW_E2_C_20260926T210618_9b054a7512d7.webm
C,5,C5,E2_C_20260926T210656_54d690bc0ac4,210656,15.909844865000196,15.17630940586932,21.57709304013943,102.60300820819268,-2.226069741402543,7.721514662000118,1.064098021000973,188.58896050413617,217.1896226675988,1988,8.86178899963852,10.000000000001563,25.00000000084355,2,0,14.0,140,4.223343849182129,True,True,60.710126,True,True,0.2827590554716506,25.940085411071777,,,,,,C/E2_C_20260926T210656_54d690bc0ac4,C/E2_C_20260926T210656_54d690bc0ac4/video/polishing_inference_20260926_210710_FLOW_E2_C_20260926T210656_54d690bc0ac4.webm
