episode,split,source_group,source_h5,episode_sha256,samples,duration_s,save_complete,record_end_reason,teacher_force_exactly_copied,source_index_identity,raw_topic_force_saved,force_contact_on_idx,force_contact_off_idx,processing_start_s,processing_end_s,success_confirmed
episode_0.hdf5,train,ep_0028,/home/eunseop/nrs_imitation/datasets/polishing/single_cam/20260819_1618/merged_hdf5/hdf5_recorder_single_cam_20260819_1618.hdf5,2293567ac24881aa9d09bcb1e0a7c1ba45633893da2165a4cb87a4e43adc486b,412,13.709892988204956,1,joystick_end,True,True,True,97,-1,,,
episode_1.hdf5,train,ep_0004,/home/eunseop/nrs_imitation/datasets/polishing/single_cam/20260819_1618/merged_hdf5/hdf5_recorder_single_cam_20260819_1618.hdf5,d7d757ceb504dd5bbe03d77509af297be66334e9a91744399174311ee9fd19a4,383,12.742876529693604,1,joystick_end,True,True,True,99,-1,,,
episode_2.hdf5,train,ep_0019,/home/eunseop/nrs_imitation/datasets/polishing/single_cam/20260819_1618/merged_hdf5/hdf5_recorder_single_cam_20260819_1618.hdf5,7a17371413f59901a6de0a4823252c3629c97884b3b8c2826d7911d7bcdf6dc7,400,13.309624195098877,1,joystick_end,True,True,True,107,-1,,,
episode_3.hdf5,train,ep_0017,/home/eunseop/nrs_imitation/datasets/polishing/single_cam/20260819_1618/merged_hdf5/hdf5_recorder_single_cam_20260819_1618.hdf5,9615de6bedb6d4d4f50fa8fc6f80a4ce73ce4c7d77385a360a71609fffeb7718,419,13.9435715675354,1,joystick_end,True,True,True,103,-1,,,
episode_4.hdf5,train,ep_0007,/home/eunseop/nrs_imitation/datasets/polishing/single_cam/20260819_1618/merged_hdf5/hdf5_recorder_single_cam_20260819_1618.hdf5,dba823657375d06aa4ea48b0e2f07c975f296935971e8f14c3623937232ea708,470,15.644475221633911,1,joystick_end,True,True,True,89,-1,,,
episode_5.hdf5,train,ep_0025,/home/eunseop/nrs_imitation/datasets/polishing/single_cam/20260819_1618/merged_hdf5/hdf5_recorder_single_cam_20260819_1618.hdf5,12740a181e5f465cd2fe82723fb2813b74b7cb4c8f4e5317fcf8bcbc381688ff,372,12.375352621078491,1,joystick_end,True,True,True,104,-1,,,
episode_6.hdf5,train,ep_0008,/home/eunseop/nrs_imitation/datasets/polishing/single_cam/20260819_1618/merged_hdf5/hdf5_recorder_single_cam_20260819_1618.hdf5,af95e38be0cca59fa34d32687979a994a7aa4cd70021c190b58b544dd90d107a,409,13.776571273803711,1,joystick_end,True,True,True,120,-1,,,
episode_7.hdf5,train,ep_0010,/home/eunseop/nrs_imitation/datasets/polishing/single_cam/20260819_1618/merged_hdf5/hdf5_recorder_single_cam_20260819_1618.hdf5,794e976d238b55feeb014e30f86103e06fcd7e09126e03f4526ba10007db6af6,361,12.142414808273315,1,joystick_end,True,True,True,95,-1,,,
episode_8.hdf5,train,ep_0027,/home/eunseop/nrs_imitation/datasets/polishing/single_cam/20260819_1618/merged_hdf5/hdf5_recorder_single_cam_20260819_1618.hdf5,76200c9f6f4aeb41e86a05b01c6d7aa975a74bc9a7644973457c6ce3ce99d9e0,380,12.642540693283081,1,joystick_end,True,True,True,105,-1,,,
episode_9.hdf5,train,ep_0036,/home/eunseop/nrs_imitation/datasets/polishing/single_cam/20260819_1618/merged_hdf5/hdf5_recorder_single_cam_20260819_1618.hdf5,9ed395374792fb5bda051efe1811c12e801b3e6495cb31baf91135f6c2fb5fad,369,12.275453329086304,1,joystick_end,True,True,True,102,-1,,,
episode_10.hdf5,train,ep_0032,/home/eunseop/nrs_imitation/datasets/polishing/single_cam/20260819_1618/merged_hdf5/hdf5_recorder_single_cam_20260819_1618.hdf5,c7bf7fb2af5024156d7a20e9ffa891fc6193b4f70b477990467e3a51669b1d89,316,10.50745439529419,1,joystick_end,True,True,True,88,-1,,,
episode_11.hdf5,train,ep_0016,/home/eunseop/nrs_imitation/datasets/polishing/single_cam/20260819_1618/merged_hdf5/hdf5_recorder_single_cam_20260819_1618.hdf5,efeece33e9e3daf1729f5f0ca9f0322cf2f618658bcc74745b49603ba2ca5b6c,366,12.175544261932373,1,joystick_end,True,True,True,102,-1,,,
episode_12.hdf5,train,ep_0001,/home/eunseop/nrs_imitation/datasets/polishing/single_cam/20260819_1618/merged_hdf5/hdf5_recorder_single_cam_20260819_1618.hdf5,98c21741ebc67f2313963c1a65f259ab680845c2a107416a6a12ade72b54a935,404,13.542941808700562,1,joystick_end,True,True,True,94,-1,,,
episode_13.hdf5,train,ep_0005,/home/eunseop/nrs_imitation/datasets/polishing/single_cam/20260819_1618/merged_hdf5/hdf5_recorder_single_cam_20260819_1618.hdf5,47a27c22314928625a2da853e2146a12db20b85a575076c8e1c8f62612b86802,396,13.176506519317627,1,joystick_end,True,True,True,100,-1,,,
episode_14.hdf5,train,ep_0021,/home/eunseop/nrs_imitation/datasets/polishing/single_cam/20260819_1618/merged_hdf5/hdf5_recorder_single_cam_20260819_1618.hdf5,d4a43ce812ac3ac46f06234e56db6c8aca7bd59d7132d17ac6965b08ca5d4dc6,374,12.442258834838867,1,joystick_end,True,True,True,100,-1,,,
episode_15.hdf5,train,ep_0018,/home/eunseop/nrs_imitation/datasets/polishing/single_cam/20260819_1618/merged_hdf5/hdf5_recorder_single_cam_20260819_1618.hdf5,909901cb4008b253487c7a1317cec5145f38e78478c7c1f0aa5864d0b45be6e0,403,13.40949010848999,1,joystick_end,True,True,True,104,-1,,,
episode_16.hdf5,train,ep_0011,/home/eunseop/nrs_imitation/datasets/polishing/single_cam/20260819_1618/merged_hdf5/hdf5_recorder_single_cam_20260819_1618.hdf5,75b707940220ef49389b2197a673f668fc100c4d674780341a0bdc0b419e1ce0,389,12.942795515060425,1,joystick_end,True,True,True,100,-1,,,
episode_17.hdf5,train,ep_0015,/home/eunseop/nrs_imitation/datasets/polishing/single_cam/20260819_1618/merged_hdf5/hdf5_recorder_single_cam_20260819_1618.hdf5,acf6384db25cfcb35b75468cc562e6aff20c0a7e53e9e111a9db19f4078f939d,356,11.97532868385315,1,joystick_end,True,True,True,95,-1,,,
episode_18.hdf5,train,ep_0040,/home/eunseop/nrs_imitation/datasets/polishing/single_cam/20260819_1618/merged_hdf5/hdf5_recorder_single_cam_20260819_1618.hdf5,e32e4bf58ba775020c6c1917efe88ff56f0b0729c80c135f994b5bf97d0d035b,353,11.742025136947632,1,joystick_end,True,True,True,93,-1,,,
episode_19.hdf5,train,ep_0042,/home/eunseop/nrs_imitation/datasets/polishing/single_cam/20260819_1618/merged_hdf5/hdf5_recorder_single_cam_20260819_1618.hdf5,65f32210e4005d424a896b2fd270f9611c06fb239dd08b09ce1d4fa4b63d6462,350,11.641754627227783,1,joystick_end,True,True,True,85,-1,,,
episode_20.hdf5,train,ep_0029,/home/eunseop/nrs_imitation/datasets/polishing/single_cam/20260819_1618/merged_hdf5/hdf5_recorder_single_cam_20260819_1618.hdf5,73c20d170ee8a0eed025b0adccabf3b1bfad3a5d648c128d077390e3ff14a0b2,413,13.74341368675232,1,joystick_end,True,True,True,103,-1,,,
episode_21.hdf5,train,ep_0033,/home/eunseop/nrs_imitation/datasets/polishing/single_cam/20260819_1618/merged_hdf5/hdf5_recorder_single_cam_20260819_1618.hdf5,4e5b8d0b642479aaff03481667f504700bdc3944c80f21ef8d035f93371ce3ba,362,12.041956186294556,1,joystick_end,True,True,True,97,-1,,,
episode_22.hdf5,validation,ep_0044,/home/eunseop/nrs_imitation/datasets/polishing/single_cam/20260819_1618/merged_hdf5/hdf5_recorder_single_cam_20260819_1618.hdf5,dc3b994358d2a673c672021257c174fbc9963c8cc84be11ac41350da268df637,362,12.041864156723022,1,joystick_end,True,True,True,82,-1,,,
episode_23.hdf5,train,ep_0035,/home/eunseop/nrs_imitation/datasets/polishing/single_cam/20260819_1618/merged_hdf5/hdf5_recorder_single_cam_20260819_1618.hdf5,5cfe6d3e9978f4d2252d79f61f7cf1eab507311d123fa837ae716e566f34a047,362,12.041964769363403,1,joystick_end,True,True,True,83,-1,,,
episode_24.hdf5,train,ep_0037,/home/eunseop/nrs_imitation/datasets/polishing/single_cam/20260819_1618/merged_hdf5/hdf5_recorder_single_cam_20260819_1618.hdf5,ba6b9751aac660d2c5af7fc4894a995509773b746f0d66c017d8743f5e9a525b,349,11.608838081359863,1,joystick_end,True,True,True,90,-1,,,
episode_25.hdf5,train,ep_0023,/home/eunseop/nrs_imitation/datasets/polishing/single_cam/20260819_1618/merged_hdf5/hdf5_recorder_single_cam_20260819_1618.hdf5,a9dbdf85d7a094db6993ca332ba0d4a843c65735b2f7c4687de710474099eea5,400,13.3096764087677,1,joystick_end,True,True,True,102,-1,,,
episode_26.hdf5,train,ep_0009,/home/eunseop/nrs_imitation/datasets/polishing/single_cam/20260819_1618/merged_hdf5/hdf5_recorder_single_cam_20260819_1618.hdf5,61ac78233c8f707730a7874cdeee5a8c23441800c2c19f0dfe87173dfde39eae,421,14.010108947753906,1,joystick_end,True,True,True,118,-1,,,
episode_27.hdf5,train,ep_0034,/home/eunseop/nrs_imitation/datasets/polishing/single_cam/20260819_1618/merged_hdf5/hdf5_recorder_single_cam_20260819_1618.hdf5,3405c44ad5390b1e1e558212b0913bcee0bdcdb2673b92c4cac40b20658f3e46,365,12.24203634262085,1,joystick_end,True,True,True,91,-1,,,
episode_28.hdf5,train,ep_0012,/home/eunseop/nrs_imitation/datasets/polishing/single_cam/20260819_1618/merged_hdf5/hdf5_recorder_single_cam_20260819_1618.hdf5,211b5aeb6ea727e3f30365df82930be90160cf661f2321123313a1090cfa3f7c,351,11.67532205581665,1,joystick_end,True,True,True,99,-1,,,
episode_29.hdf5,train,ep_0003,/home/eunseop/nrs_imitation/datasets/polishing/single_cam/20260819_1618/merged_hdf5/hdf5_recorder_single_cam_20260819_1618.hdf5,beb566a7225e16848575d5139ca90a0df1075bb7e925edf6dcb8a6b1a98f94dc,443,14.910406589508057,1,joystick_end,True,True,True,87,-1,,,
episode_30.hdf5,train,ep_0020,/home/eunseop/nrs_imitation/datasets/polishing/single_cam/20260819_1618/merged_hdf5/hdf5_recorder_single_cam_20260819_1618.hdf5,9c72b2a67e63146007364ad2a2586c8347e54c8eaceb75c60f31a69b36b730cd,445,14.810506105422974,1,joystick_end,True,True,True,114,-1,,,
episode_31.hdf5,train,ep_0013,/home/eunseop/nrs_imitation/datasets/polishing/single_cam/20260819_1618/merged_hdf5/hdf5_recorder_single_cam_20260819_1618.hdf5,29ace96cacf4a6e69964f5b632b0e18afd4d8d16766227968784a88be3898c53,374,12.441854476928711,1,joystick_end,True,True,True,104,-1,,,
episode_32.hdf5,train,ep_0041,/home/eunseop/nrs_imitation/datasets/polishing/single_cam/20260819_1618/merged_hdf5/hdf5_recorder_single_cam_20260819_1618.hdf5,29381e9ad400d61625890899acb64c38591815c4e0812dfbbd0be255f3156d0b,345,11.474746465682983,1,joystick_end,True,True,True,81,-1,,,
episode_33.hdf5,train,ep_0014,/home/eunseop/nrs_imitation/datasets/polishing/single_cam/20260819_1618/merged_hdf5/hdf5_recorder_single_cam_20260819_1618.hdf5,7f738e40ddfad413386bce1de67a2a246bbd1bb7c46cb436a47b91ab14bef442,415,13.809883117675781,1,joystick_end,True,True,True,96,-1,,,
episode_34.hdf5,train,ep_0043,/home/eunseop/nrs_imitation/datasets/polishing/single_cam/20260819_1618/merged_hdf5/hdf5_recorder_single_cam_20260819_1618.hdf5,4707b910b71618118489c3874c37f7cb008d5b0f6aca581bb3191dfe6a8ed26a,383,12.742016077041626,1,joystick_end,True,True,True,91,-1,,,
episode_35.hdf5,validation,ep_0022,/home/eunseop/nrs_imitation/datasets/polishing/single_cam/20260819_1618/merged_hdf5/hdf5_recorder_single_cam_20260819_1618.hdf5,28b9d86b9636165db655cd5b484dcdecaefab75f3e11bf22e7d0a83ec17b5414,383,12.842342615127563,1,joystick_end,True,True,True,98,-1,,,
episode_36.hdf5,train,ep_0006,/home/eunseop/nrs_imitation/datasets/polishing/single_cam/20260819_1618/merged_hdf5/hdf5_recorder_single_cam_20260819_1618.hdf5,e862e9618aed4c2117186b8f0cbdc6185adf9346a31066df00e788d05a5ee02d,377,12.541672945022583,1,joystick_end,True,True,True,90,-1,,,
episode_37.hdf5,validation,ep_0002,/home/eunseop/nrs_imitation/datasets/polishing/single_cam/20260819_1618/merged_hdf5/hdf5_recorder_single_cam_20260819_1618.hdf5,e3241ef2cc10e9b231d89c7cc22b1b662688b1244256234cfa0304b140f655b0,415,13.843307495117188,1,joystick_end,True,True,True,93,-1,,,
episode_38.hdf5,train,ep_0026,/home/eunseop/nrs_imitation/datasets/polishing/single_cam/20260819_1618/merged_hdf5/hdf5_recorder_single_cam_20260819_1618.hdf5,f608c4b1d90f5272569973d05b4e5825aff804f7da3b1e47eb5bae09d12b5ba4,366,12.241843223571777,1,joystick_end,True,True,True,87,-1,,,
episode_39.hdf5,validation,ep_0045,/home/eunseop/nrs_imitation/datasets/polishing/single_cam/20260819_1618/merged_hdf5/hdf5_recorder_single_cam_20260819_1618.hdf5,f6c26e0ec9d0397fef7c0e08c4e52b6985209776e4d856806d395204a2948ab6,322,10.74120283126831,1,joystick_end,True,True,True,94,-1,,,
episode_40.hdf5,train,ep_0031,/home/eunseop/nrs_imitation/datasets/polishing/single_cam/20260819_1618/merged_hdf5/hdf5_recorder_single_cam_20260819_1618.hdf5,59e3549a0d0a8cae5307dc07d9fd2dc2cd8916d62493382245a722baa9780a49,323,10.774667263031006,1,joystick_end,True,True,True,27,-1,,,
episode_41.hdf5,train,ep_0047,/home/eunseop/nrs_imitation/datasets/polishing/single_cam/20260819_1618/merged_hdf5/hdf5_recorder_single_cam_20260819_1618.hdf5,5408008ee69f4e2c3a0cda86472b6d37948481492e31a8296a2f01c27032633b,305,10.140463829040527,1,joystick_end,True,True,True,74,-1,,,
