t_wall,t_elapsed_sec,stage,policy_class,ckpt_dir,meas_x_mm,meas_y_mm,meas_z_mm,meas_rx,meas_ry,meas_rz,meas_fx_N,meas_fy_N,meas_fz_N,cmd_x_mm,cmd_y_mm,cmd_z_mm,cmd_rx,cmd_ry,cmd_rz,cmd_fx_N,cmd_fy_N,cmd_fz_N,contact,cmd_safety_blocked
1787623959.61808,0.0197318559512496,APPROACH,BSPLINE,/home/eunseop/nrs_imitation/checkpoints/bspline/polishing/single_cam/20260822_0420_last,445.0664367675781,394.42242431640625,219.93460083007812,2.1036943508079275e-05,0.0001530577865196392,2.355983257293701,nan,nan,nan,445.0664367675781,394.42242431640625,219.93460083007812,2.1036943508079275e-05,0.0001530577865196392,2.355983257293701,0.0,0.0,0.0,0,0
1787623966.0095942,6.411245869938284,TRACK,BSPLINE,/home/eunseop/nrs_imitation/checkpoints/bspline/polishing/single_cam/20260822_0420_last,475.4023132324219,372.4244079589844,214.17929077148438,-0.16084353625774384,0.014477532356977463,2.355619192123413,-0.39325448870658875,-2.631714344024658,1.4896053075790405,433.97265625,391.9499206542969,177.84669494628906,-0.052395693957805634,0.04657161235809326,2.4202799797058105,0.0,0.0,0.0,0,0
1787623966.0097258,6.4113776120357215,TRACK,BSPLINE,/home/eunseop/nrs_imitation/checkpoints/bspline/polishing/single_cam/20260822_0420_last,475.4023132324219,372.4244079589844,214.17929077148438,-0.16084353625774384,0.014477532356977463,2.355619192123413,-0.39325448870658875,-2.631714344024658,1.4896053075790405,475.4023132324219,372.4244079589844,214.17929077148438,-0.16084353625774384,0.014477532356977463,2.355619192123413,0.0,0.0,0.0,0,0
1787623966.2583466,6.65999821992591,TRACK,BSPLINE,/home/eunseop/nrs_imitation/checkpoints/bspline/polishing/single_cam/20260822_0420_last,475.4197692871094,372.37847900390625,214.22177124023438,-0.1608535498380661,0.014497848227620125,2.3555476665496826,-2.3458292484283447,0.5174674391746521,1.378938913345337,453.3933410644531,400.34332275390625,170.1340789794922,-0.02398289553821087,0.07671231031417847,2.4201464653015137,0.0,0.0,0.0,0,0
1787623968.9801154,9.38176746899262,TRACK,BSPLINE,/home/eunseop/nrs_imitation/checkpoints/bspline/polishing/single_cam/20260822_0420_last,459.7232666015625,383.41644287109375,212.17861938476562,-0.1528194546699524,0.018862999975681305,2.384873628616333,-0.5519015789031982,0.36997777223587036,0.3853965401649475,453.98968505859375,400.5724182128906,170.11427307128906,-0.024367259815335274,0.07631918787956238,2.4196178913116455,0.0,0.0,0.0,0,0
1787623969.6311586,10.032810494070873,TRACK,BSPLINE,/home/eunseop/nrs_imitation/checkpoints/bspline/polishing/single_cam/20260822_0420_last,455.947509765625,386.2920227050781,207.9628143310547,-0.1411803811788559,0.025133900344371796,2.3960747718811035,-0.7768746018409729,0.25283852219581604,0.9381818771362305,453.98968505859375,400.5724182128906,170.11427307128906,-0.024367259815335274,0.07631918787956238,2.4196178913116455,0.0,0.0,0.0,0,0
1787623970.2287612,10.630414126906544,TRACK,BSPLINE,/home/eunseop/nrs_imitation/checkpoints/bspline/polishing/single_cam/20260822_0420_last,451.498046875,388.1205139160156,203.79811096191406,-0.1302703619003296,0.03076949156820774,2.4051480293273926,1.212140679359436,-0.4180411398410797,0.9462125301361084,453.98968505859375,400.5724182128906,170.11427307128906,-0.024367259815335274,0.07631918787956238,2.4196178913116455,0.0,0.0,0.0,0,0
1787623972.4918482,12.89350158488378,TRACK,BSPLINE,/home/eunseop/nrs_imitation/checkpoints/bspline/polishing/single_cam/20260822_0420_last,446.79412841796875,388.1485900878906,199.72134399414062,-0.11870145797729492,0.03539550304412842,2.4112465381622314,-2.30804443359375,1.176058053970337,1.3906009197235107,462.8173522949219,381.04296875,165.5682830810547,-0.0061486223712563515,0.07281617820262909,2.395845890045166,0.0,0.0,0.0,0,0
1787623973.1236072,13.52525904099457,TRACK,BSPLINE,/home/eunseop/nrs_imitation/checkpoints/bspline/polishing/single_cam/20260822_0420_last,433.5805358886719,389.9875183105469,182.80482482910156,-0.06246190518140793,0.04237374663352966,2.4181430339813232,1.6366190910339355,-0.31633466482162476,-0.08017206192016602,463.20941162109375,380.8927917480469,165.5448760986328,-0.006523697637021542,0.07321689277887344,2.3958377838134766,0.0,0.0,0.0,0,0
1787623973.774249,14.175900697009638,TRACK,BSPLINE,/home/eunseop/nrs_imitation/checkpoints/bspline/polishing/single_cam/20260822_0420_last,433.9640197753906,391.8898010253906,177.1481475830078,-0.05051480233669281,0.04837857931852341,2.4207255840301514,0.3498997986316681,2.29357647895813,-0.8667990565299988,463.20941162109375,380.8927917480469,165.5448760986328,-0.006523697637021542,0.07321689277887344,2.3958377838134766,0.0,0.0,0.0,0,0
1787623974.0195017,14.421153557952493,TRACK,BSPLINE,/home/eunseop/nrs_imitation/checkpoints/bspline/polishing/single_cam/20260822_0420_last,435.1128234863281,393.6059875488281,174.928466796875,-0.04382005333900452,0.05305057764053345,2.422699451446533,-2.7286274433135986,-1.9831275939941406,15.993165969848633,435.1128234863281,393.6059875488281,174.928466796875,-0.04382005333900452,0.05305057764053345,2.422699451446533,0.0,0.0,12.11721420288086,1,0
1787623974.265165,14.666817145887762,TRACK,BSPLINE,/home/eunseop/nrs_imitation/checkpoints/bspline/polishing/single_cam/20260822_0420_last,436.0704345703125,394.8050537109375,174.0991668701172,-0.037853971123695374,0.05898565798997879,2.4245266914367676,-13.83595085144043,-2.412189483642578,39.890541076660156,463.20941162109375,380.8927917480469,165.5448760986328,-0.006523697637021542,0.07321689277887344,2.3958377838134766,0.0,0.0,0.0,1,0
1787623974.5463033,14.94795497204177,TRACK,BSPLINE,/home/eunseop/nrs_imitation/checkpoints/bspline/polishing/single_cam/20260822_0420_last,437.13037109375,395.2742919921875,173.9288787841797,-0.03225500509142876,0.06490170955657959,2.426415205001831,-8.202911376953125,1.145115613937378,46.53571319580078,437.13037109375,395.2742919921875,173.9288787841797,-0.03225500509142876,0.06490170955657959,2.426415205001831,0.0,0.0,34.48672103881836,1,0
1787623974.5545354,14.956187386065722,TRACK,BSPLINE,/home/eunseop/nrs_imitation/checkpoints/bspline/polishing/single_cam/20260822_0420_last,440.2672424316406,395.7818908691406,174.2699432373047,-0.02468807063996792,0.07231756299734116,2.4288461208343506,-3.776205539703369,-2.0628836154937744,32.35514450073242,495.17926025390625,345.29888916015625,173.98995971679688,0.012161473743617535,0.08762470632791519,2.367764472961426,0.0,0.0,0.0,1,0
1787623976.8981323,17.299784269882366,TRACK,BSPLINE,/home/eunseop/nrs_imitation/checkpoints/bspline/polishing/single_cam/20260822_0420_last,450.4049987792969,396.5830078125,173.97132873535156,-0.017135746777057648,0.07206014543771744,2.414466381072998,-14.148826599121094,-2.5032176971435547,53.83613204956055,455.7393798828125,355.7000732421875,196.81393432617188,-0.0321432389318943,0.04127641022205353,2.34896183013916,0.0,0.0,0.0,1,0
1787623977.597694,17.99934591096826,TRACK,BSPLINE,/home/eunseop/nrs_imitation/checkpoints/bspline/polishing/single_cam/20260822_0420_last,445.9847412109375,389.37109375,173.18223571777344,-0.0016123971436172724,0.06368554383516312,2.403754234313965,-0.8656107783317566,-1.2761390209197998,70.47672271728516,454.8153076171875,355.82281494140625,197.42294311523438,-0.03470103442668915,0.03981676697731018,2.3487303256988525,0.0,0.0,0.0,1,0
1787623978.1778045,18.579458039952442,TRACK,BSPLINE,/home/eunseop/nrs_imitation/checkpoints/bspline/polishing/single_cam/20260822_0420_last,447.2579040527344,386.12890625,173.52818298339844,0.0010179713135585189,0.06389380246400833,2.399416208267212,-14.680899620056152,2.6824076175689697,58.574100494384766,454.8153076171875,355.82281494140625,197.42294311523438,-0.03470103442668915,0.03981676697731018,2.3487303256988525,0.0,0.0,0.0,1,0
1787623978.4197903,18.82144223805517,TRACK,BSPLINE,/home/eunseop/nrs_imitation/checkpoints/bspline/polishing/single_cam/20260822_0420_last,451.7282409667969,383.668212890625,174.02346801757812,-0.00048474373761564493,0.06670575588941574,2.397475004196167,-6.516312599182129,-1.9724549055099487,34.690425872802734,451.7282409667969,383.668212890625,174.02346801757812,-0.00048474373761564493,0.06670575588941574,2.397475004196167,0.0,0.0,33.85022735595703,1,0
1787623978.7143006,19.115954620065168,TRACK,BSPLINE,/home/eunseop/nrs_imitation/checkpoints/bspline/polishing/single_cam/20260822_0420_last,454.43206787109375,382.4386901855469,174.07357788085938,-0.002027262467890978,0.06856279820203781,2.396580457687378,-9.720748901367188,0.13139097392559052,32.75767135620117,441.6825866699219,355.4602966308594,203.44033813476562,-0.006470881402492523,0.041504766792058945,2.3392703533172607,0.0,0.0,0.0,1,0
1787623980.4525251,20.854176957858726,TRACK,BSPLINE,/home/eunseop/nrs_imitation/checkpoints/bspline/polishing/single_cam/20260822_0420_last,458.9345703125,376.3348693847656,174.43788146972656,0.0140536455437541,0.09360701590776443,2.412238359451294,-5.118609428405762,-1.7318328619003296,27.601747512817383,440.82647705078125,355.74371337890625,203.91357421875,-0.008005914278328419,0.04024391993880272,2.338958263397217,0.0,0.0,0.0,1,0
1787623980.9631393,21.364791401894763,TRACK,BSPLINE,/home/eunseop/nrs_imitation/checkpoints/bspline/polishing/single_cam/20260822_0420_last,458.8376159667969,374.1833190917969,174.36863708496094,0.02133004367351532,0.10067306458950043,2.416092872619629,-1.5595836639404297,1.1301801204681396,28.31852149963379,440.82647705078125,355.74371337890625,203.91357421875,-0.008005914278328419,0.04024391993880272,2.338958263397217,0.0,0.0,0.0,1,0
1787623981.6647356,22.066387437051162,TRACK,BSPLINE,/home/eunseop/nrs_imitation/checkpoints/bspline/polishing/single_cam/20260822_0420_last,461.7465515136719,368.2597351074219,174.2333984375,0.02163582481443882,0.09837216883897781,2.4057130813598633,-15.167263984680176,1.6836034059524536,41.99562454223633,440.82647705078125,355.74371337890625,203.91357421875,-0.008005914278328419,0.04024391993880272,2.338958263397217,0.0,0.0,0.0,1,0
1787623981.6648881,22.06653972901404,TRACK,BSPLINE,/home/eunseop/nrs_imitation/checkpoints/bspline/polishing/single_cam/20260822_0420_last,461.7465515136719,368.2597351074219,174.2333984375,0.02163582481443882,0.09837216883897781,2.4057130813598633,-15.167263984680176,1.6836034059524536,41.99562454223633,461.7465515136719,368.2597351074219,174.2333984375,0.02163582481443882,0.09837216883897781,2.4057130813598633,0.0,0.0,32.86425018310547,1,0
1787623982.278424,22.680077573983,TRACK,BSPLINE,/home/eunseop/nrs_imitation/checkpoints/bspline/polishing/single_cam/20260822_0420_last,465.0995788574219,363.16119384765625,174.22491455078125,0.022409072145819664,0.09439820051193237,2.394258975982666,-8.796338081359863,3.017374038696289,34.33883285522461,440.82647705078125,355.74371337890625,203.91357421875,-0.008005914278328419,0.04024391993880272,2.338958263397217,0.0,0.0,0.0,1,0
1787623982.4879463,22.88959839590825,TRACK,BSPLINE,/home/eunseop/nrs_imitation/checkpoints/bspline/polishing/single_cam/20260822_0420_last,466.71173095703125,361.4178161621094,174.2786407470703,0.022384027019143105,0.09208592772483826,2.3898608684539795,-4.6483941078186035,3.1662845611572266,31.925106048583984,466.71173095703125,361.4178161621094,174.2786407470703,0.022384027019143105,0.09208592772483826,2.3898608684539795,0.0,0.0,26.31930160522461,1,0
1787623984.0910761,24.492728455923498,TRACK,BSPLINE,/home/eunseop/nrs_imitation/checkpoints/bspline/polishing/single_cam/20260822_0420_last,469.75244140625,358.3457946777344,174.2913360595703,0.022478818893432617,0.08924550563097,2.3835604190826416,-13.099120140075684,2.4416756629943848,35.56536102294922,437.8187255859375,351.6031799316406,198.61178588867188,-0.025812378153204918,0.07655224949121475,2.360952854156494,0.0,0.0,0.0,1,0
1787623984.282707,24.684359178878367,TRACK,BSPLINE,/home/eunseop/nrs_imitation/checkpoints/bspline/polishing/single_cam/20260822_0420_last,481.48492431640625,352.657470703125,174.41526794433594,0.02565673366189003,0.08445790410041809,2.3788371086120605,-6.072259426116943,4.390726089477539,27.910451889038086,481.48492431640625,352.657470703125,174.41526794433594,0.02565673366189003,0.08445790410041809,2.3788371086120605,0.0,0.0,30.49199104309082,1,0
1787623984.546697,24.948349949903786,TRACK,BSPLINE,/home/eunseop/nrs_imitation/checkpoints/bspline/polishing/single_cam/20260822_0420_last,483.74957275390625,351.64276123046875,174.49908447265625,0.025859322398900986,0.08379316329956055,2.3787381649017334,-2.118222951889038,-1.486786127090454,23.359230041503906,437.2589416503906,351.4306945800781,198.88148498535156,-0.027298415079712868,0.07682627439498901,2.3597867488861084,0.0,0.0,0.0,1,0
1787623984.7559273,25.157579311868176,TRACK,BSPLINE,/home/eunseop/nrs_imitation/checkpoints/bspline/polishing/single_cam/20260822_0420_last,485.36480712890625,350.9419250488281,174.51649475097656,0.025239739567041397,0.08395367115736008,2.3788256645202637,-2.84629225730896,1.6640567779541016,23.143024444580078,485.36480712890625,350.9419250488281,174.51649475097656,0.025239739567041397,0.08395367115736008,2.3788256645202637,0.0,0.0,31.301084518432617,1,0
1787623984.9669404,25.368593900930136,TRACK,BSPLINE,/home/eunseop/nrs_imitation/checkpoints/bspline/polishing/single_cam/20260822_0420_last,487.1756896972656,350.0414123535156,174.43553161621094,0.023201216012239456,0.0842788890004158,2.37861967086792,-8.888140678405762,-1.0605913400650024,29.34769630432129,437.2589416503906,351.4306945800781,198.88148498535156,-0.027298415079712868,0.07682627439498901,2.3597867488861084,0.0,0.0,0.0,1,0
1787623985.3186176,25.720270104939118,TRACK,BSPLINE,/home/eunseop/nrs_imitation/checkpoints/bspline/polishing/single_cam/20260822_0420_last,490.0567626953125,347.6552734375,174.455078125,0.017923159524798393,0.08408652991056442,2.376232147216797,-11.352875709533691,3.816044569015503,28.893421173095703,437.2589416503906,351.4306945800781,198.88148498535156,-0.027298415079712868,0.07682627439498901,2.3597867488861084,0.0,0.0,0.0,1,0
1787623985.318848,25.72049975488335,TRACK,BSPLINE,/home/eunseop/nrs_imitation/checkpoints/bspline/polishing/single_cam/20260822_0420_last,490.0567626953125,347.6552734375,174.455078125,0.017923159524798393,0.08408652991056442,2.376232147216797,-11.352875709533691,3.816044569015503,28.893421173095703,490.0567626953125,347.6552734375,174.455078125,0.017923159524798393,0.08408652991056442,2.376232147216797,0.0,0.0,4.765408992767334,1,0
1787623985.7414901,26.143142878077924,TRACK,BSPLINE,/home/eunseop/nrs_imitation/checkpoints/bspline/polishing/single_cam/20260822_0420_last,491.7618103027344,344.95623779296875,174.55845642089844,0.012802124954760075,0.08544325083494186,2.369889974594116,-1.4240344762802124,2.4285526275634766,23.65923500061035,437.2589416503906,351.4306945800781,198.88148498535156,-0.027298415079712868,0.07682627439498901,2.3597867488861084,0.0,0.0,0.0,1,0
1787623985.9705672,26.37221912201494,TRACK,BSPLINE,/home/eunseop/nrs_imitation/checkpoints/bspline/polishing/single_cam/20260822_0420_last,490.9049072265625,344.5537109375,174.75746154785156,0.01286931149661541,0.08885236829519272,2.3664751052856445,-1.7897669076919556,-1.4410021305084229,19.869428634643555,490.9049072265625,344.5537109375,174.75746154785156,0.01286931149661541,0.08885236829519272,2.3664751052856445,0.0,0.0,3.5313801765441895,1,0
1787623986.164128,26.565780059900135,TRACK,BSPLINE,/home/eunseop/nrs_imitation/checkpoints/bspline/polishing/single_cam/20260822_0420_last,489.54962158203125,345.1922607421875,175.55117797851562,0.013027157634496689,0.0886252373456955,2.3642935752868652,-2.700317144393921,-0.19370445609092712,7.560851573944092,437.2589416503906,351.4306945800781,198.88148498535156,-0.027298415079712868,0.07682627439498901,2.3597867488861084,0.0,0.0,0.0,1,0
1787623986.3585048,26.760156848933548,TRACK,BSPLINE,/home/eunseop/nrs_imitation/checkpoints/bspline/polishing/single_cam/20260822_0420_last,488.09869384765625,345.7939147949219,175.3837890625,0.013623702339828014,0.0873446837067604,2.3628971576690674,-1.8293867111206055,0.4368419349193573,8.74613094329834,488.09869384765625,345.7939147949219,175.3837890625,0.013623702339828014,0.0873446837067604,2.3628971576690674,0.0,0.0,31.396337509155273,1,0
1787623986.5511155,26.952767617069185,TRACK,BSPLINE,/home/eunseop/nrs_imitation/checkpoints/bspline/polishing/single_cam/20260822_0420_last,486.57080078125,346.4792175292969,176.0089569091797,0.014064725488424301,0.08585162460803986,2.361914873123169,1.1949388980865479,-0.8464745879173279,3.023292064666748,437.2589416503906,351.4306945800781,198.88148498535156,-0.027298415079712868,0.07682627439498901,2.3597867488861084,0.0,0.0,0.0,1,0
1787623986.5832632,26.984915244858712,TRACK,BSPLINE,/home/eunseop/nrs_imitation/checkpoints/bspline/polishing/single_cam/20260822_0420_last,484.9320373535156,347.2025146484375,176.7887725830078,0.01395583339035511,0.08405465632677078,2.3608803749084473,-2.5638840198516846,0.748154878616333,2.833634853363037,484.9320373535156,347.2025146484375,176.7887725830078,0.01395583339035511,0.08405465632677078,2.3608803749084473,0.0,0.0,-0.13290023803710938,1,0
1787623986.7303572,27.132009125081822,TRACK,BSPLINE,/home/eunseop/nrs_imitation/checkpoints/bspline/polishing/single_cam/20260822_0420_last,483.29510498046875,347.9365234375,177.3109130859375,0.013515987433493137,0.08216450363397598,2.3598790168762207,-2.3215999603271484,-0.7422710657119751,1.4886689186096191,425.92254638671875,377.4841613769531,193.95004272460938,0.009993722662329674,-0.02327960543334484,2.31135630607605,0.0,0.0,0.0,0,0
1787623986.7304983,27.132149995071813,TRACK,BSPLINE,/home/eunseop/nrs_imitation/checkpoints/bspline/polishing/single_cam/20260822_0420_last,483.29510498046875,347.9365234375,177.3109130859375,0.013515987433493137,0.08216450363397598,2.3598790168762207,-2.3215999603271484,-0.7422710657119751,1.4886689186096191,483.29510498046875,347.9365234375,177.3109130859375,0.013515987433493137,0.08216450363397598,2.3598790168762207,0.0,0.0,0.0,0,0
1787623988.1793518,28.58100440702401,TRACK,BSPLINE,/home/eunseop/nrs_imitation/checkpoints/bspline/polishing/single_cam/20260822_0420_last,474.1689758300781,351.5234680175781,182.09681701660156,0.004269907251000404,0.07000954449176788,2.3552634716033936,0.71951824426651,0.7861884832382202,-0.7589244246482849,425.92254638671875,377.4841613769531,193.95004272460938,0.009993722662329674,-0.02327960543334484,2.31135630607605,0.0,0.0,0.0,0,0
1787623988.5977407,28.999392998870462,TRACK,BSPLINE,/home/eunseop/nrs_imitation/checkpoints/bspline/polishing/single_cam/20260822_0420_last,471.3229064941406,352.331298828125,184.22311401367188,0.00013299575948622078,0.06618987023830414,2.35414457321167,-1.4147977828979492,1.0223491191864014,0.033492229878902435,425.92254638671875,377.4841613769531,193.95004272460938,0.009993722662329674,-0.02327960543334484,2.31135630607605,0.0,0.0,0.0,0,0
1787623988.9387343,29.34038678300567,TRACK,BSPLINE,/home/eunseop/nrs_imitation/checkpoints/bspline/polishing/single_cam/20260822_0420_last,466.2029724121094,353.5250549316406,187.7556915283203,-0.007763943634927273,0.05915067717432976,2.352454900741577,-0.26257267594337463,-0.6349482536315918,-0.06089794263243675,425.92254638671875,377.4841613769531,193.95004272460938,0.009993722662329674,-0.02327960543334484,2.31135630607605,0.0,0.0,0.0,0,0
1787623989.5462787,29.947931424016133,TRACK,BSPLINE,/home/eunseop/nrs_imitation/checkpoints/bspline/polishing/single_cam/20260822_0420_last,463.3561096191406,353.9859619140625,189.62973022460938,-0.012637912295758724,0.05516253411769867,2.35129976272583,-0.04660531133413315,-0.12406858801841736,0.5346000790596008,425.92254638671875,377.4841613769531,193.95004272460938,0.009993722662329674,-0.02327960543334484,2.31135630607605,0.0,0.0,0.0,0,0
1787623989.8982475,30.299899220000952,TRACK,BSPLINE,/home/eunseop/nrs_imitation/checkpoints/bspline/polishing/single_cam/20260822_0420_last,458.59088134765625,354.8072814941406,192.8951416015625,-0.022337691858410835,0.0478268638253212,2.3499460220336914,-0.5627241730690002,0.003301151329651475,-0.01851193606853485,425.92254638671875,377.4841613769531,193.95004272460938,0.009993722662329674,-0.02327960543334484,2.31135630607605,0.0,0.0,0.0,0,0
