episode,source_group,start_s,end_s,duration_s,Fx_time_mean_N,Fy_time_mean_N,Fz_time_mean_N,interval_samples,success_confirmed,boundary_status,source_file_sha256
episode_0.hdf5,ep_0028,3.16892147064209,10.174473524093628,7.005552053451538,-2.848477295868976,6.327930955674644,23.298105996990273,210,True,pose_and_boundary_image_reviewed_approximate,2293567ac24881aa9d09bcb1e0a7c1ba45633893da2165a4cb87a4e43adc486b
episode_1.hdf5,ep_0004,2.968632936477661,8.572719097137451,5.60408616065979,-2.457875640518289,4.520552564206595,20.821698859779026,168,True,pose_and_boundary_image_reviewed_approximate,d7d757ceb504dd5bbe03d77509af297be66334e9a91744399174311ee9fd19a4
episode_2.hdf5,ep_0019,3.4361002445220947,9.440172910690308,6.004072666168213,-1.6742451441055721,8.705346692987465,19.983142710320173,180,True,pose_and_boundary_image_reviewed_approximate,7a17371413f59901a6de0a4823252c3629c97884b3b8c2826d7911d7bcdf6dc7
episode_3.hdf5,ep_0017,3.068793296813965,9.807239294052124,6.738445997238159,-0.40941984139341564,5.806749670708042,21.588124017489346,202,True,pose_and_boundary_image_reviewed_approximate,9615de6bedb6d4d4f50fa8fc6f80a4ce73ce4c7d77385a360a71609fffeb7718
episode_4.hdf5,ep_0007,2.7687411308288574,9.940250396728516,7.171509265899658,-1.1710890375258745,6.03951715716167,23.106383702945426,215,True,pose_and_boundary_image_reviewed_approximate,dba823657375d06aa4ea48b0e2f07c975f296935971e8f14c3623937232ea708
episode_5.hdf5,ep_0025,3.4356842041015625,8.639383554458618,5.203699350357056,-2.6149559934116633,8.302757253441966,19.9131247778504,156,True,pose_and_boundary_image_reviewed_approximate,12740a181e5f465cd2fe82723fb2813b74b7cb4c8f4e5317fcf8bcbc381688ff
episode_6.hdf5,ep_0008,3.6692967414855957,9.873735189437866,6.2044384479522705,-3.52799040913659,5.227597446330492,22.50944062806321,181,True,pose_and_boundary_image_reviewed_approximate,af95e38be0cca59fa34d32687979a994a7aa4cd70021c190b58b544dd90d107a
episode_7.hdf5,ep_0010,3.035475730895996,9.140270948410034,6.104795217514038,-1.137023252939577,3.3434447692180065,23.536270641362947,179,True,pose_and_boundary_image_reviewed_approximate,794e976d238b55feeb014e30f86103e06fcd7e09126e03f4526ba10007db6af6
episode_8.hdf5,ep_0027,3.435852527618408,8.539809942245483,5.103957414627075,-4.331554238179491,5.111126453250507,21.541554487170465,153,True,pose_and_boundary_image_reviewed_approximate,76200c9f6f4aeb41e86a05b01c6d7aa975a74bc9a7644973457c6ce3ce99d9e0
episode_9.hdf5,ep_0036,3.3689515590667725,8.439249277114868,5.070297718048096,-3.736239622204936,4.085991044412536,25.145241914684018,152,True,pose_and_boundary_image_reviewed_approximate,9ed395374792fb5bda051efe1811c12e801b3e6495cb31baf91135f6c2fb5fad
episode_10.hdf5,ep_0032,2.7684004306793213,7.305229663848877,4.536829233169556,-3.280692804054893,5.771357301777609,20.500008965812853,136,True,pose_and_boundary_image_reviewed_approximate,c7bf7fb2af5024156d7a20e9ffa891fc6193b4f70b477990467e3a51669b1d89
episode_11.hdf5,ep_0016,3.1023056507110596,8.1058988571167,5.00359320640564,-1.7651154528664688,6.807439844724656,21.42551485059157,150,True,pose_and_boundary_image_reviewed_approximate,efeece33e9e3daf1729f5f0ca9f0322cf2f618658bcc74745b49603ba2ca5b6c
episode_12.hdf5,ep_0001,3.0353636741638184,9.439926862716675,6.4045631885528564,0.46803986960231647,2.7510974769375296,20.427413282160085,191,True,pose_and_boundary_image_reviewed_approximate,98c21741ebc67f2313963c1a65f259ab680845c2a107416a6a12ade72b54a935
episode_13.hdf5,ep_0005,3.0356264114379883,8.773151159286499,5.737524747848511,-2.1262282163497837,4.432191638838725,21.03003499086687,172,True,pose_and_boundary_image_reviewed_approximate,47a27c22314928625a2da853e2146a12db20b85a575076c8e1c8f62612b86802
episode_14.hdf5,ep_0021,3.302494525909424,8.172500133514404,4.8700056076049805,-3.1684964063723062,4.468145824769911,22.012078004566522,146,True,pose_and_boundary_image_reviewed_approximate,d4a43ce812ac3ac46f06234e56db6c8aca7bd59d7132d17ac6965b08ca5d4dc6
episode_15.hdf5,ep_0018,3.6355538368225098,9.539758443832397,5.904204607009888,-0.24756141486148608,7.892584219426824,24.730172258057742,177,True,pose_and_boundary_image_reviewed_approximate,909901cb4008b253487c7a1317cec5145f38e78478c7c1f0aa5864d0b45be6e0
episode_16.hdf5,ep_0011,2.968787670135498,9.307153224945068,6.33836555480957,-2.7089442864462656,6.488864011914555,23.02921765037253,190,True,pose_and_boundary_image_reviewed_approximate,75b707940220ef49389b2197a673f668fc100c4d674780341a0bdc0b419e1ce0
episode_17.hdf5,ep_0015,3.0352370738983154,8.372347593307495,5.33711051940918,0.44393004124779806,5.587118953286314,25.384107758695894,160,True,pose_and_boundary_image_reviewed_approximate,acf6384db25cfcb35b75468cc562e6aff20c0a7e53e9e111a9db19f4078f939d
episode_18.hdf5,ep_0040,3.002117395401001,8.739313125610352,5.737195730209351,-4.0933935923777085,6.810310734883222,23.88219049233418,172,True,pose_and_boundary_image_reviewed_approximate,e32e4bf58ba775020c6c1917efe88ff56f0b0729c80c135f994b5bf97d0d035b
episode_19.hdf5,ep_0042,2.8687520027160645,7.9390857219696045,5.07033371925354,-2.711943655572894,8.810913926826089,25.89911935064838,152,True,pose_and_boundary_image_reviewed_approximate,65f32210e4005d424a896b2fd270f9611c06fb239dd08b09ce1d4fa4b63d6462
episode_20.hdf5,ep_0029,3.3360071182250977,9.606971502304077,6.2709643840789795,-3.627778437223899,5.407959912878317,19.713066636159198,188,True,pose_and_boundary_image_reviewed_approximate,73c20d170ee8a0eed025b0adccabf3b1bfad3a5d648c128d077390e3ff14a0b2
episode_21.hdf5,ep_0033,3.235694169998169,9.139633893966675,5.903939723968506,-3.9277046073444315,5.534171120073728,22.45350290867342,177,True,pose_and_boundary_image_reviewed_approximate,4e5b8d0b642479aaff03481667f504700bdc3944c80f21ef8d035f93371ce3ba
episode_23.hdf5,ep_0035,2.7350211143493652,8.539400100708008,5.804378986358643,-1.3660101118826302,6.7147164429186725,25.11930665446036,174,True,pose_and_boundary_image_reviewed_approximate,5cfe6d3e9978f4d2252d79f61f7cf1eab507311d123fa837ae716e566f34a047
episode_24.hdf5,ep_0037,3.0021486282348633,8.30593752861023,5.303788900375366,-1.4109327748658376,6.028795066838056,26.989921207446205,159,True,pose_and_boundary_image_reviewed_approximate,ba6b9751aac660d2c5af7fc4894a995509773b746f0d66c017d8743f5e9a525b
episode_25.hdf5,ep_0023,3.1692914962768555,9.106923580169678,5.937632083892822,-3.3721844321379844,7.2003509770520004,21.817856535982514,178,True,pose_and_boundary_image_reviewed_approximate,a9dbdf85d7a094db6993ca332ba0d4a843c65735b2f7c4687de710474099eea5
episode_26.hdf5,ep_0009,3.669231653213501,10.674329280853271,7.0050976276397705,-4.355158292578187,6.303418203440484,23.411442326261895,210,True,pose_and_boundary_image_reviewed_approximate,61ac78233c8f707730a7874cdeee5a8c23441800c2c19f0dfe87173dfde39eae
episode_27.hdf5,ep_0034,2.968998908996582,8.539460182189941,5.570461273193359,3.0531249388125836,5.577305970572255,25.371855739411405,164,True,pose_and_boundary_image_reviewed_approximate,3405c44ad5390b1e1e558212b0913bcee0bdcdb2673b92c4cac40b20658f3e46
episode_28.hdf5,ep_0012,3.0354654788970947,7.905478477478027,4.870012998580933,1.4277359194881838,7.549211584660899,20.047382281229602,146,True,pose_and_boundary_image_reviewed_approximate,211b5aeb6ea727e3f30365df82930be90160cf661f2321123313a1090cfa3f7c
episode_29.hdf5,ep_0003,2.6013691425323486,9.673407793045044,7.072038650512695,0.5532426804153744,5.219225048421959,21.55096280372652,212,True,pose_and_boundary_image_reviewed_approximate,beb566a7225e16848575d5139ca90a0df1075bb7e925edf6dcb8a6b1a98f94dc
episode_30.hdf5,ep_0020,3.5690057277679443,10.474053382873535,6.905047655105591,-4.696042810975622,6.111779731156069,19.187020250758547,207,True,pose_and_boundary_image_reviewed_approximate,9c72b2a67e63146007364ad2a2586c8347e54c8eaceb75c60f31a69b36b730cd
episode_31.hdf5,ep_0013,3.235442876815796,9.773235082626343,6.537792205810547,-1.2387441492676048,5.373134893277054,23.37297835856272,196,True,pose_and_boundary_image_reviewed_approximate,29ace96cacf4a6e69964f5b632b0e18afd4d8d16766227968784a88be3898c53
episode_32.hdf5,ep_0041,2.868607521057129,8.139474391937256,5.270866870880127,-2.412884229059921,7.577284566546829,27.933761425933792,158,True,pose_and_boundary_image_reviewed_approximate,29381e9ad400d61625890899acb64c38591815c4e0812dfbbd0be255f3156d0b
episode_33.hdf5,ep_0014,2.9687459468841553,9.340157270431519,6.371411323547363,-0.9091933769146001,5.5722101122230026,23.508611032359774,191,True,pose_and_boundary_image_reviewed_approximate,7f738e40ddfad413386bce1de67a2a246bbd1bb7c46cb436a47b91ab14bef442
episode_34.hdf5,ep_0043,3.0355865955352783,8.939755201339722,5.904168605804443,-4.032080047094542,6.638661118567692,27.6734616178884,177,True,pose_and_boundary_image_reviewed_approximate,4707b910b71618118489c3874c37f7cb008d5b0f6aca581bb3191dfe6a8ed26a
episode_36.hdf5,ep_0006,2.934778928756714,8.538672924041748,5.603893995285034,-0.0872144357341438,6.707463705544889,24.99434435859941,168,True,pose_and_boundary_image_reviewed_approximate,e862e9618aed4c2117186b8f0cbdc6185adf9346a31066df00e788d05a5ee02d
episode_38.hdf5,ep_0026,2.8687336444854736,8.439096212387085,5.570362567901611,-3.6031141751020153,5.93572000533963,22.4607811491086,165,True,pose_and_boundary_image_reviewed_approximate,f608c4b1d90f5272569973d05b4e5825aff804f7da3b1e47eb5bae09d12b5ba4
episode_40.hdf5,ep_0031,3.0024871826171875,7.839364767074585,4.8368775844573975,-0.8403634746376581,4.146953504526979,22.541180588522735,145,True,pose_and_boundary_image_reviewed_approximate,59e3549a0d0a8cae5307dc07d9fd2dc2cd8916d62493382245a722baa9780a49
episode_41.hdf5,ep_0047,2.701643943786621,7.171581268310547,4.469937324523926,-2.93812628965388,6.482407035323824,26.782210929596236,134,True,pose_and_boundary_image_reviewed_approximate,5408008ee69f4e2c3a0cda86472b6d37948481492e31a8296a2f01c27032633b
