label,condition,repeat_index,archive_run_id,execution_start_local,execution_duration_s,mean_fz_N,temporal_sd_fz_N,peak_fz_N,min_fz_N,time_fz_ge_3N_s,time_fz_ge_50N_s,tcp_xy_path_mm,tcp_xyz_path_mm,command_rows_execution,node_sent_rows_total,max_command_gap_ms,median_command_gap_ms,force_feedback_hz,max_force_feedback_gap_ms,max_force_gap_execution_ms,gate_on_s,gate_transitions,gate_initial_unobserved_s,command_mean_fz_N,command_peak_fz_N,measured_force_abs_peak_N,measured_torque_abs_peak_Nm,inference_count,first_pipeline_ms,warm_pipeline_median_ms,terminal_event,first_stop_reason,terminal_after_first_stop_s,controller_hold_verified,queue_cancel_verified,raw_heatmap_mean,raw_heatmap_sd,recorder_duration_s,raw_max_speed_mm_s,raw_max_fn_N,tcp_rows,force_rows,video_count,run_directory
A1,A,1,E2_ABC_20260930_A_r1_20260930T182314_efd10d890028,2026-09-30T18:23:22.951786+09:00,18.77191405600024,23.443280268004706,32.54731642367214,124.72407382712602,-2.4330039611548613,10.287256467001498,2.8952648120002777,211.6350128172101,245.58029662129778,2346,2346,8.52259499970387,7.992751000529097,17.95370554504505,64.54648599992652,59.565703000771464,10.383794538000075,2,0.008495271999890974,12.728411620442094,22.999999999999986,"[38.15424259730173, 13.57526816828444, 124.72407382712602]","[3.267745214994311, 5.15072308414323, 1.6632849950786737]",5,159.964193,54.1076225,normal_completion,operator_finish,1.4524228959999164,True,True,0.49439330683256766,0.7050412154630594,30.339971780776978,31.365579413919413,123.9528162833544,541,542,0,A/E2_ABC_20260930_A_r1_20260930T182314_efd10d890028
A2,A,2,E2_ABC_20260930_A_r2_20260930T182418_779ded6ed1dc,2026-09-30T18:24:26.603962+09:00,16.37253901999975,25.434226158685053,32.48834344471339,128.66213094423765,-2.5368339035137386,10.001003913000204,2.7144443990009677,192.85642193255663,218.38703873660577,2046,2046,8.5049440003786,7.996041000296827,17.953627355399707,60.9946000004129,60.9946000004129,10.071517096000207,6,0.008333255000252393,14.206446079362332,22.999999999999986,"[38.16450256784708, 17.38244094923959, 128.66213094423765]","[3.839757389371743, 4.6251942095094, 1.6630033215671771]",4,162.938588,55.834312,normal_completion,operator_finish,1.3158356670001012,True,True,0.427761150634503,0.6914052883766789,25.120008945465088,31.526063875476765,131.23488483005235,449,448,0,A/E2_ABC_20260930_A_r2_20260930T182418_779ded6ed1dc
A3,A,3,E2_ABC_20260930_A_r3_20260930T182518_47e327cbaa47,2026-09-30T18:25:26.966227+09:00,18.960704249000628,24.073432987572154,32.504957251289134,126.15711643797569,-2.697607015480267,11.088869985999736,3.0820317750003596,217.4400838045961,248.47075826794742,2370,2370,8.680619000188017,7.9955310002333135,18.00340941827212,60.654404999695544,60.654404999695544,11.120168851999551,2,0.008650222000142094,13.49494849419403,22.999999999999986,"[39.0016364607717, 12.571730886140802, 126.15711643797569]","[2.3648654580403123, 4.957602584617467, 1.4950163782141694]",5,158.807418,54.9752255,normal_completion,operator_finish,0.671652713000185,True,True,0.5909764843823617,0.8098953101350949,27.519990921020508,48.175004230121786,127.19629576067788,492,493,0,A/E2_ABC_20260930_A_r3_20260930T182518_47e327cbaa47
A4,A,4,E2_ABC_20260930_A_r4_20260930T182848_be4f94ff2481,2026-09-30T18:28:57.083740+09:00,19.33033711600001,20.76038417880116,30.438674165478066,130.8565467397168,-2.6222008555532224,10.02582601099948,2.5732938710007147,221.11855456667746,255.14631089455406,2416,2416,8.556513000257837,7.991391999894404,17.987010109030468,59.739762999925006,59.57306399977824,10.055995856999289,2,0.008301265999762109,11.970273716258186,22.999999999999986,"[38.37842162061468, 14.424848850391093, 130.8565467397168]","[2.4772358072390643, 4.81844024662064, 1.6891837901063202]",5,160.750883,55.0970855,normal_completion,operator_finish,1.4219931890002044,True,True,0.4578451275748498,0.7028888492242481,27.540024518966675,34.52311924912499,126.07822326432984,500,500,0,A/E2_ABC_20260930_A_r4_20260930T182848_be4f94ff2481
A5,A,5,E2_ABC_20260930_A_r5_20260930T182657_03922e3656ae,2026-09-30T18:27:05.971312+09:00,18.37341230200036,23.49203524441903,32.782930589830464,124.7320182786408,-2.4057099097575048,10.180549550999785,2.7562961960011307,205.35241637987156,237.2183914514784,2296,2296,8.765904000028968,7.9929760004233685,17.961124857815808,79.17861999976594,79.17861999976594,10.167704836999292,2,0.008292699000776338,12.73411008621469,22.999999999999986,"[36.69607667656301, 13.066236151168546, 124.7320182786408]","[2.663170619820177, 4.962998421124918, 1.5039063086520839]",5,163.817111,55.5323145,normal_completion,operator_finish,0.9230286450001586,True,True,0.5007914378816716,0.744668419260794,26.680046558380127,32.55939865074121,128.07748862165857,477,477,0,A/E2_ABC_20260930_A_r5_20260930T182657_03922e3656ae
B1,B,1,E2_ABC_20260930_B_r1_20260930T181454_9b9304277b8f,2026-09-30T18:15:03.010735+09:00,18.325845206999475,16.839526117072165,24.402595625262595,122.4529712737704,-2.7864898004038006,9.807499407999785,1.2221530679998978,217.58310227998308,246.68400370558484,2290,2290,8.65375099965604,7.994869999492948,17.95119640724806,60.40077800025756,60.40077800025756,9.82393726600003,2,0.008365408999452484,10.756171529991626,27.407472911091475,"[37.97167543480262, 12.179250478575291, 122.4529712737704]","[4.106390237341271, 4.21960229361917, 1.1493133141226273]",5,157.832949,55.5663415,normal_completion,operator_finish,0.9307560240004022,True,True,0.36553802674657604,0.5987858625590304,28.01997661590576,31.90982568619449,125.88531768970131,500,500,1,B/E2_ABC_20260930_B_r1_20260930T181454_9b9304277b8f
B2,B,2,E2_ABC_20260930_B_r2_20260930T181557_050892800c73,2026-09-30T18:16:05.863089+09:00,18.18166487400049,16.897633670755653,24.471711058042217,124.60143632714146,-2.839685089775179,10.098071954999796,1.2157160009992367,214.50396668913743,241.32032296163572,2272,2272,8.493823000208067,7.991933000084828,17.990294098135543,64.10396600040258,64.10396600040258,10.192065680000269,2,0.008450090000224009,11.182895934059873,28.212062482513456,"[36.341519277756205, 11.775689480957325, 124.60143632714146]","[2.177663093346253, 4.249654112157072, 1.1391988194522904]",5,156.688106,54.6490615,normal_completion,operator_finish,0.8587636379998003,True,True,0.39434028665026594,0.6398102483972344,29.580008506774902,27.813318857152225,124.65931700043103,528,529,1,B/E2_ABC_20260930_B_r2_20260930T181557_050892800c73
B3,B,3,E2_ABC_20260930_B_r3_20260930T181708_1d31576f8f49,2026-09-30T18:17:18.025807+09:00,17.0976761109996,16.632623778468616,25.83255462630418,128.13305142812808,-3.012760567016743,8.81513188200006,1.2711782110000058,203.5684920686193,229.7016289980219,2137,2137,8.50961499963887,7.995230500000616,17.919138928456356,59.7370180003054,59.7370180003054,8.816040749999956,2,0.008380188000046473,10.164379146404933,28.103343391576452,"[34.79249951766993, 9.398205778682192, 128.13305142812808]","[1.8368603529010932, 3.7224351567070593, 1.000321543138142]",5,156.152924,55.263682,normal_completion,operator_finish,1.2947185920002084,True,True,0.33703514024732045,0.6210160338637863,29.360047817230225,317.1283660417102,126.7960085364456,523,523,1,B/E2_ABC_20260930_B_r3_20260930T181708_1d31576f8f49
B4,B,4,E2_ABC_20260930_B_r4_20260930T181811_d4c231d86a8f,2026-09-30T18:18:20.851193+09:00,18.332544675999998,16.397113246013955,23.805872244806785,118.75516139632596,-3.4219171708652802,9.714381458000389,1.1688001020002048,217.94428335611101,243.52635103057952,2291,2291,8.552256999792007,7.9955465002967685,17.9599312885288,60.58893600038573,60.58893600038573,9.751960418000635,2,0.00840579599935154,10.939399363830006,27.218763886493715,"[33.635557619557034, 12.634622670833025, 118.75516139632596]","[2.137167593406584, 4.255181321849122, 1.0754638008718018]",5,163.851225,56.247127500000005,normal_completion,operator_finish,1.4918496549998963,True,True,0.40661329709310606,0.6085451348551119,30.24000573158264,359.7190316456075,122.21457844687836,539,541,1,B/E2_ABC_20260930_B_r4_20260930T181811_d4c231d86a8f
B5,B,5,E2_ABC_20260930_B_r5_20260930T181918_048333adadb5,2026-09-30T18:19:27.221219+09:00,18.299210462999326,17.19166050131337,24.879869846047477,123.14167255366941,-3.3560595138810925,9.880220851000558,1.174752484000237,212.9912846666275,239.85531821512393,2287,2287,9.130021000601118,7.994233500085102,17.898416146226698,61.257884000042395,61.257884000042395,9.927956855000048,2,0.008343175999470986,11.229293361249658,27.631459291034474,"[37.13825139963696, 11.556110557864155, 123.14167255366941]","[2.3005798267262834, 4.0500705251033216, 1.2835149825150216]",5,158.683347,57.2715605,normal_completion,operator_finish,0.5811797559999832,True,True,0.3385502575825935,0.6182072686433124,27.57998776435852,27.14907599202459,128.90506736752462,491,491,1,B/E2_ABC_20260930_B_r5_20260930T181918_048333adadb5
C1,C,1,E2_ABC_20260930_C_r1_20260930T182058_f1fb1aa474eb,2026-09-30T18:21:06.403589+09:00,15.783293787999355,14.40908575386026,21.710343837261956,97.35639777710863,-2.670487192621099,7.936131053000281,1.047211348000019,188.54781891574726,215.14654510069545,1972,1972,8.769009999923583,7.9958110000006855,17.983315603868185,61.9357180003135,61.9357180003135,7.991886728999816,2,0.008352955000191287,8.620335549990386,25.70545468991007,"[31.58283824999066, 11.057916196599189, 97.35639777710863]","[2.150623007402597, 4.265695305793882, 1.0695960865496745]",4,156.282511,55.051055,normal_completion,operator_finish,1.0731047410008614,True,True,0.28054966208288046,0.4782115556870391,25.879974126815796,27.076079339964945,101.18696311362991,463,463,1,C/E2_ABC_20260930_C_r1_20260930T182058_f1fb1aa474eb
C2,C,2,E2_ABC_20260930_C_r2_20260930T182211_3f293b69cbb1,2026-09-30T18:22:19.804165+09:00,15.813221481000255,14.707810458453615,20.462626041111832,91.19230637115007,-3.053989731184936,7.871625251000296,0.9913920409990169,187.5609209910158,214.48666537034876,1976,1976,8.731007000278623,7.9945689994929126,17.94340199108654,61.5614349999305,58.76646300021093,7.8879856479998125,2,0.008417167000516201,8.914679627793689,26.299449829368875,"[30.16657990334217, 11.177881233285442, 91.19230637115007]","[1.5310203541743923, 4.071854191819324, 1.050570985898173]",4,158.295129,54.917492,normal_completion,operator_finish,0.8995738210005584,True,True,0.24602856070051052,0.45515434050530834,24.62002921104431,27.697994646171924,95.65144262692247,439,439,1,C/E2_ABC_20260930_C_r2_20260930T182211_3f293b69cbb1
C3,C,3,E2_ABC_20260930_C_r3_20260930T180757_8615b373a30a,2026-09-30T18:08:05.551820+09:00,15.676802406999741,15.824266265603917,24.717116023916546,115.50380839496226,-0.8200613294666979,6.508566989999963,1.1518766680001136,191.97001014056264,217.9926079977065,1959,1959,8.782605999840598,7.993342000190751,17.998425387956427,61.96537400046509,61.96537400046509,6.60792777900042,2,0.008516918000168516,8.521789701046561,27.609899406669626,"[35.242271239730734, 12.939529433875999, 115.50380839496226]","[1.8787851467513417, 4.398574554381602, 1.195645384456345]",4,157.86323,58.288843,normal_completion,operator_finish,1.0755927290001637,True,True,0.34142200653497345,0.5116512606601501,30.20000648498535,35.96043909439097,117.79349493057398,540,541,1,C/E2_ABC_20260930_C_r3_20260930T180757_8615b373a30a
C4,C,4,E2_ABC_20260930_C_r4_20260930T180903_aab4ce127641,2026-09-30T18:09:11.448815+09:00,16.20409669000037,15.28278164983177,22.189529367977812,106.3229432401652,-1.429458142253056,7.942706873000134,0.9782719370004997,191.82446535565668,219.67305123288028,2025,2025,8.590528999775415,7.994118500391778,17.991730453554005,63.349905999530165,63.349905999530165,8.007915060999949,2,0.008221512999625702,9.532797445888132,27.54124534022795,"[34.78145436970722, 14.382993511662765, 106.3229432401652]","[1.603823071921264, 4.478017739337085, 1.2873941469281913]",4,159.19362,55.469463,normal_completion,operator_finish,0.9487617569993745,True,True,0.2593317391248861,0.43790269191206826,28.960044145584106,29.226495107581428,109.0304420047354,517,518,1,C/E2_ABC_20260930_C_r4_20260930T180903_aab4ce127641
C5,C,5,E2_ABC_20260930_C_r5_20260930T181008_efa57952cccc,2026-09-30T18:10:16.941320+09:00,15.946927426000002,14.403232653640366,22.5862390057819,106.86550570453431,-1.1785019222667281,7.015254606999406,1.0574100349995206,192.22713863365854,220.21868922703757,1993,1993,8.809928999653494,7.994318999863026,17.98697835417505,61.301527000068745,61.301527000068745,7.0236835839996274,2,0.008358654999938153,8.335960026549886,26.633402431246946,"[34.974012004930984, 16.148303733096903, 106.86550570453431]","[1.4078053603340142, 4.747813748789666, 1.2574231548001444]",4,161.402701,58.62544,normal_completion,operator_finish,0.9174127229998703,True,True,0.267310456132276,0.4847800650689131,26.06002974510193,32.755269660633104,109.4687996989666,465,466,1,C/E2_ABC_20260930_C_r5_20260930T181008_efa57952cccc
