run_id,logger_seq,source_seq,source_stamp_ns,receipt_ros_ns,receipt_monotonic_ns,stamp_basis,source_clock,frame_id,source,validity,representation,fx,fy,fz,tx,ty,tz,force_unit,torque_unit,semantic_frame,correction_status,normal_force_signed,surface_normal,compression_sign,transform_stamp_ns,transform_validity,raw_values,details
SYNTHETIC_ON_20260917T163903_1789630743728988069_cccar3kz,4,,1000000000,1000000000,101355603139001,synthetic_grid,synthetic_ros,synthetic_base,synthetic_force,valid,synthetic_only,1.0,-2.0,5.0,0.1,0.2,-0.3,N,N*m,synthetic_base,synthetic_no_correction,,,,,unknown,"[1.0, -2.0, 5.0, 0.1, 0.2, -0.3]",
SYNTHETIC_ON_20260917T163903_1789630743728988069_cccar3kz,6,,1005000000,1005000000,101355608139001,synthetic_grid,synthetic_ros,synthetic_base,synthetic_force,valid,synthetic_only,1.0,-2.0,6.0,0.1,0.2,-0.3,N,N*m,synthetic_base,synthetic_no_correction,,,,,unknown,"[1.0, -2.0, 6.0, 0.1, 0.2, -0.3]",
SYNTHETIC_ON_20260917T163903_1789630743728988069_cccar3kz,7,,1010000000,1010000000,101355613139001,synthetic_grid,synthetic_ros,synthetic_base,synthetic_force,valid,synthetic_only,1.0,-2.0,7.0,0.1,0.2,-0.3,N,N*m,synthetic_base,synthetic_no_correction,,,,,unknown,"[1.0, -2.0, 7.0, 0.1, 0.2, -0.3]",
SYNTHETIC_ON_20260917T163903_1789630743728988069_cccar3kz,9,,1015000000,1015000000,101355618139001,synthetic_grid,synthetic_ros,synthetic_base,synthetic_force,valid,synthetic_only,1.0,-2.0,8.0,0.1,0.2,-0.3,N,N*m,synthetic_base,synthetic_no_correction,,,,,unknown,"[1.0, -2.0, 8.0, 0.1, 0.2, -0.3]",
SYNTHETIC_ON_20260917T163903_1789630743728988069_cccar3kz,10,,1020000000,1020000000,101355623139001,synthetic_grid,synthetic_ros,synthetic_base,synthetic_force,valid,synthetic_only,1.0,-2.0,9.0,0.1,0.2,-0.3,N,N*m,synthetic_base,synthetic_no_correction,,,,,unknown,"[1.0, -2.0, 9.0, 0.1, 0.2, -0.3]",
SYNTHETIC_ON_20260917T163903_1789630743728988069_cccar3kz,12,,1025000000,1025000000,101355628139001,synthetic_grid,synthetic_ros,synthetic_base,synthetic_force,valid,synthetic_only,1.0,-2.0,10.0,0.1,0.2,-0.3,N,N*m,synthetic_base,synthetic_no_correction,,,,,unknown,"[1.0, -2.0, 10.0, 0.1, 0.2, -0.3]",
SYNTHETIC_ON_20260917T163903_1789630743728988069_cccar3kz,13,,1030000000,1030000000,101355633139001,synthetic_grid,synthetic_ros,synthetic_base,synthetic_force,valid,synthetic_only,1.0,-2.0,11.0,0.1,0.2,-0.3,N,N*m,synthetic_base,synthetic_no_correction,,,,,unknown,"[1.0, -2.0, 11.0, 0.1, 0.2, -0.3]",
SYNTHETIC_ON_20260917T163903_1789630743728988069_cccar3kz,15,,1035000000,1035000000,101355638139001,synthetic_grid,synthetic_ros,synthetic_base,synthetic_force,valid,synthetic_only,1.0,-2.0,12.0,0.1,0.2,-0.3,N,N*m,synthetic_base,synthetic_no_correction,,,,,unknown,"[1.0, -2.0, 12.0, 0.1, 0.2, -0.3]",
SYNTHETIC_ON_20260917T163903_1789630743728988069_cccar3kz,16,,1040000000,1040000000,101355643139001,synthetic_grid,synthetic_ros,synthetic_base,synthetic_force,valid,synthetic_only,1.0,-2.0,13.0,0.1,0.2,-0.3,N,N*m,synthetic_base,synthetic_no_correction,,,,,unknown,"[1.0, -2.0, 13.0, 0.1, 0.2, -0.3]",
SYNTHETIC_ON_20260917T163903_1789630743728988069_cccar3kz,18,,1045000000,1045000000,101355648139001,synthetic_grid,synthetic_ros,synthetic_base,synthetic_force,valid,synthetic_only,1.0,-2.0,14.0,0.1,0.2,-0.3,N,N*m,synthetic_base,synthetic_no_correction,,,,,unknown,"[1.0, -2.0, 14.0, 0.1, 0.2, -0.3]",
